[2026-09-01 04:08:04] local.ERROR: SQLSTATE[42S01]: Base table or view already exists: 1050 Table 'abouts' already exists (Connection: mysql, SQL: create table `abouts` (`id` bigint unsigned not null auto_increment primary key, `created_at` timestamp null, `updated_at` timestamp null) default character set utf8mb4 collate 'utf8mb4_0900_ai_ci') {"exception":"[object] (Illuminate\\Database\\QueryException(code: 42S01): SQLSTATE[42S01]: Base table or view already exists: 1050 Table 'abouts' already exists (Connection: mysql, SQL: create table `abouts` (`id` bigint unsigned not null auto_increment primary key, `created_at` timestamp null, `updated_at` timestamp null) default character set utf8mb4 collate 'utf8mb4_0900_ai_ci') at C:/laragon/www/MARIKA_XIPPLG4_17_UAS_PORTOFOLIO/vendor/laravel/framework/src/Illuminate/Database/Connection.php:825)
[stacktrace]
#0 C:/laragon/www/MARIKA_XIPPLG4_17_UAS_PORTOFOLIO/vendor/laravel/framework/src/Illuminate/Database/Connection.php(779): Illuminate/Database/Connection->runQueryCallback('create table `a...', Array, Object(Closure))
#1 C:/laragon/www/MARIKA_XIPPLG4_17_UAS_PORTOFOLIO/vendor/laravel/framework/src/Illuminate/Database/Connection.php(560): Illuminate/Database/Connection->run('create table `a...', Array, Object(Closure))
#2 C:/laragon/www/MARIKA_XIPPLG4_17_UAS_PORTOFOLIO/vendor/laravel/framework/src/Illuminate/Database/Schema/Blueprint.php(118): Illuminate/Database/Connection->statement('create table `a...')
#3 C:/laragon/www/MARIKA_XIPPLG4_17_UAS_PORTOFOLIO/vendor/laravel/framework/src/Illuminate/Database/Schema/Builder.php(564): Illuminate/Database/Schema/Blueprint->build(Object(Illuminate/Database/MySqlConnection), Object(Illuminate/Database/Schema/Grammars/MySqlGrammar))
#4 C:/laragon/www/MARIKA_XIPPLG4_17_UAS_PORTOFOLIO/vendor/laravel/framework/src/Illuminate/Database/Schema/Builder.php(418): Illuminate/Database/Schema/Builder->build(Object(Illuminate/Database/Schema/Blueprint))
#5 C:/laragon/www/MARIKA_XIPPLG4_17_UAS_PORTOFOLIO/vendor/laravel/framework/src/Illuminate/Support/Facades/Facade.php(361): Illuminate/Database/Schema/Builder->create('abouts', Object(Closure))
#6 C:/laragon/www/MARIKA_XIPPLG4_17_UAS_PORTOFOLIO/database/migrations/2026_06_08_032951_create_abouts_table.php(14): Illuminate/Support/Facades/Facade::__callStatic('create', Array)
#7 C:/laragon/www/MARIKA_XIPPLG4_17_UAS_PORTOFOLIO/vendor/laravel/framework/src/Illuminate/Database/Migrations/Migrator.php(507): Illuminate/Database/Migrations/Migration@anonymous->up()
#8 C:/laragon/www/MARIKA_XIPPLG4_17_UAS_PORTOFOLIO/vendor/laravel/framework/src/Illuminate/Database/Migrations/Migrator.php(432): Illuminate/Database/Migrations/Migrator->runMethod(Object(Illuminate/Database/MySqlConnection), Object(Illuminate/Database/Migrations/Migration@anonymous), 'up')
#9 C:/laragon/www/MARIKA_XIPPLG4_17_UAS_PORTOFOLIO/vendor/laravel/framework/src/Illuminate/Database/Migrations/Migrator.php(441): Illuminate/Database/Migrations/Migrator->{closure:Illuminate/Database/Migrations/Migrator::runMigration():428}()
#10 C:/laragon/www/MARIKA_XIPPLG4_17_UAS_PORTOFOLIO/vendor/laravel/framework/src/Illuminate/Database/Migrations/Migrator.php(244): Illuminate/Database/Migrations/Migrator->runMigration(Object(Illuminate/Database/Migrations/Migration@anonymous), 'up')
#11 C:/laragon/www/MARIKA_XIPPLG4_17_UAS_PORTOFOLIO/vendor/laravel/framework/src/Illuminate/Console/View/Components/Task.php(40): Illuminate/Database/Migrations/Migrator->{closure:Illuminate/Database/Migrations/Migrator::runUp():244}()
#12 C:/laragon/www/MARIKA_XIPPLG4_17_UAS_PORTOFOLIO/vendor/laravel/framework/src/Illuminate/Database/Migrations/Migrator.php(798): Illuminate/Console/View/Components/Task->render('2026_06_08_0329...', Object(Closure))
#13 C:/laragon/www/MARIKA_XIPPLG4_17_UAS_PORTOFOLIO/vendor/laravel/framework/src/Illuminate/Database/Migrations/Migrator.php(244): Illuminate/Database/Migrations/Migrator->write('Illuminate//Cons...', '2026_06_08_0329...', Object(Closure))
#14 C:/laragon/www/MARIKA_XIPPLG4_17_UAS_PORTOFOLIO/vendor/laravel/framework/src/Illuminate/Database/Migrations/Migrator.php(211): Illuminate/Database/Migrations/Migrator->runUp('C://laragon//www//...', 1, false)
#15 C:/laragon/www/MARIKA_XIPPLG4_17_UAS_PORTOFOLIO/vendor/laravel/framework/src/Illuminate/Database/Migrations/Migrator.php(138): Illuminate/Database/Migrations/Migrator->runPending(Array, Array)
#16 C:/laragon/www/MARIKA_XIPPLG4_17_UAS_PORTOFOLIO/vendor/laravel/framework/src/Illuminate/Database/Console/Migrations/MigrateCommand.php(117): Illuminate/Database/Migrations/Migrator->run(Array, Array)
#17 C:/laragon/www/MARIKA_XIPPLG4_17_UAS_PORTOFOLIO/vendor/laravel/framework/src/Illuminate/Database/Migrations/Migrator.php(658): Illuminate/Database/Console/Migrations/MigrateCommand->{closure:Illuminate/Database/Console/Migrations/MigrateCommand::runMigrations():110}()
#18 C:/laragon/www/MARIKA_XIPPLG4_17_UAS_PORTOFOLIO/vendor/laravel/framework/src/Illuminate/Database/Console/Migrations/MigrateCommand.php(110): Illuminate/Database/Migrations/Migrator->usingConnection(NULL, Object(Closure))
#19 C:/laragon/www/MARIKA_XIPPLG4_17_UAS_PORTOFOLIO/vendor/laravel/framework/src/Illuminate/Database/Console/Migrations/MigrateCommand.php(89): Illuminate/Database/Console/Migrations/MigrateCommand->runMigrations()
#20 C:/laragon/www/MARIKA_XIPPLG4_17_UAS_PORTOFOLIO/vendor/laravel/framework/src/Illuminate/Container/BoundMethod.php(36): Illuminate/Database/Console/Migrations/MigrateCommand->handle()
#21 C:/laragon/www/MARIKA_XIPPLG4_17_UAS_PORTOFOLIO/vendor/laravel/framework/src/Illuminate/Container/Util.php(43): Illuminate/Container/BoundMethod::{closure:Illuminate/Container/BoundMethod::call():35}()
#22 C:/laragon/www/MARIKA_XIPPLG4_17_UAS_PORTOFOLIO/vendor/laravel/framework/src/Illuminate/Container/BoundMethod.php(95): Illuminate/Container/Util::unwrapIfClosure(Object(Closure))
#23 C:/laragon/www/MARIKA_XIPPLG4_17_UAS_PORTOFOLIO/vendor/laravel/framework/src/Illuminate/Container/BoundMethod.php(35): Illuminate/Container/BoundMethod::callBoundMethod(Object(Illuminate/Foundation/Application), Array, Object(Closure))
#24 C:/laragon/www/MARIKA_XIPPLG4_17_UAS_PORTOFOLIO/vendor/laravel/framework/src/Illuminate/Container/Container.php(696): Illuminate/Container/BoundMethod::call(Object(Illuminate/Foundation/Application), Array, Array, NULL)
#25 C:/laragon/www/MARIKA_XIPPLG4_17_UAS_PORTOFOLIO/vendor/laravel/framework/src/Illuminate/Console/Command.php(213): Illuminate/Container/Container->call(Array)
#26 C:/laragon/www/MARIKA_XIPPLG4_17_UAS_PORTOFOLIO/vendor/symfony/console/Command/Command.php(341): Illuminate/Console/Command->execute(Object(Symfony/Component/Console/Input/ArgvInput), Object(Illuminate/Console/OutputStyle))
#27 C:/laragon/www/MARIKA_XIPPLG4_17_UAS_PORTOFOLIO/vendor/laravel/framework/src/Illuminate/Console/Command.php(182): Symfony/Component/Console/Command/Command->run(Object(Symfony/Component/Console/Input/ArgvInput), Object(Illuminate/Console/OutputStyle))
#28 C:/laragon/www/MARIKA_XIPPLG4_17_UAS_PORTOFOLIO/vendor/symfony/console/Application.php(1117): Illuminate/Console/Command->run(Object(Symfony/Component/Console/Input/ArgvInput), Object(Symfony/Component/Console/Output/ConsoleOutput))
#29 C:/laragon/www/MARIKA_XIPPLG4_17_UAS_PORTOFOLIO/vendor/symfony/console/Application.php(356): Symfony/Component/Console/Application->doRunCommand(Object(Illuminate/Database/Console/Migrations/MigrateCommand), Object(Symfony/Component/Console/Input/ArgvInput), Object(Symfony/Component/Console/Output/ConsoleOutput))
#30 C:/laragon/www/MARIKA_XIPPLG4_17_UAS_PORTOFOLIO/vendor/symfony/console/Application.php(195): Symfony/Component/Console/Application->doRun(Object(Symfony/Component/Console/Input/ArgvInput), Object(Symfony/Component/Console/Output/ConsoleOutput))
#31 C:/laragon/www/MARIKA_XIPPLG4_17_UAS_PORTOFOLIO/vendor/laravel/framework/src/Illuminate/Foundation/Console/Kernel.php(198): Symfony/Component/Console/Application->run(Object(Symfony/Component/Console/Input/ArgvInput), Object(Symfony/Component/Console/Output/ConsoleOutput))
#32 C:/laragon/www/MARIKA_XIPPLG4_17_UAS_PORTOFOLIO/vendor/laravel/framework/src/Illuminate/Foundation/Application.php(1235): Illuminate/Foundation/Console/Kernel->handle(Object(Symfony/Component/Console/Input/ArgvInput), Object(Symfony/Component/Console/Output/ConsoleOutput))
#33 C:/laragon/www/MARIKA_XIPPLG4_17_UAS_PORTOFOLIO/artisan(13): Illuminate/Foundation/Application->handleCommand(Object(Symfony/Component/Console/Input/ArgvInput))
#34 {main}

[previous exception] [object] (PDOException(code: 42S01): SQLSTATE[42S01]: Base table or view already exists: 1050 Table 'abouts' already exists at C:/laragon/www/MARIKA_XIPPLG4_17_UAS_PORTOFOLIO/vendor/laravel/framework/src/Illuminate/Database/Connection.php:571)
[stacktrace]
#0 C:/laragon/www/MARIKA_XIPPLG4_17_UAS_PORTOFOLIO/vendor/laravel/framework/src/Illuminate/Database/Connection.php(571): PDOStatement->execute()
#1 C:/laragon/www/MARIKA_XIPPLG4_17_UAS_PORTOFOLIO/vendor/laravel/framework/src/Illuminate/Database/Connection.php(812): Illuminate/Database/Connection->{closure:Illuminate/Database/Connection::statement():560}('create table `a...', Array)
#2 C:/laragon/www/MARIKA_XIPPLG4_17_UAS_PORTOFOLIO/vendor/laravel/framework/src/Illuminate/Database/Connection.php(779): Illuminate/Database/Connection->runQueryCallback('create table `a...', Array, Object(Closure))
#3 C:/laragon/www/MARIKA_XIPPLG4_17_UAS_PORTOFOLIO/vendor/laravel/framework/src/Illuminate/Database/Connection.php(560): Illuminate/Database/Connection->run('create table `a...', Array, Object(Closure))
#4 C:/laragon/www/MARIKA_XIPPLG4_17_UAS_PORTOFOLIO/vendor/laravel/framework/src/Illuminate/Database/Schema/Blueprint.php(118): Illuminate/Database/Connection->statement('create table `a...')
#5 C:/laragon/www/MARIKA_XIPPLG4_17_UAS_PORTOFOLIO/vendor/laravel/framework/src/Illuminate/Database/Schema/Builder.php(564): Illuminate/Database/Schema/Blueprint->build(Object(Illuminate/Database/MySqlConnection), Object(Illuminate/Database/Schema/Grammars/MySqlGrammar))
#6 C:/laragon/www/MARIKA_XIPPLG4_17_UAS_PORTOFOLIO/vendor/laravel/framework/src/Illuminate/Database/Schema/Builder.php(418): Illuminate/Database/Schema/Builder->build(Object(Illuminate/Database/Schema/Blueprint))
#7 C:/laragon/www/MARIKA_XIPPLG4_17_UAS_PORTOFOLIO/vendor/laravel/framework/src/Illuminate/Support/Facades/Facade.php(361): Illuminate/Database/Schema/Builder->create('abouts', Object(Closure))
#8 C:/laragon/www/MARIKA_XIPPLG4_17_UAS_PORTOFOLIO/database/migrations/2026_06_08_032951_create_abouts_table.php(14): Illuminate/Support/Facades/Facade::__callStatic('create', Array)
#9 C:/laragon/www/MARIKA_XIPPLG4_17_UAS_PORTOFOLIO/vendor/laravel/framework/src/Illuminate/Database/Migrations/Migrator.php(507): Illuminate/Database/Migrations/Migration@anonymous->up()
#10 C:/laragon/www/MARIKA_XIPPLG4_17_UAS_PORTOFOLIO/vendor/laravel/framework/src/Illuminate/Database/Migrations/Migrator.php(432): Illuminate/Database/Migrations/Migrator->runMethod(Object(Illuminate/Database/MySqlConnection), Object(Illuminate/Database/Migrations/Migration@anonymous), 'up')
#11 C:/laragon/www/MARIKA_XIPPLG4_17_UAS_PORTOFOLIO/vendor/laravel/framework/src/Illuminate/Database/Migrations/Migrator.php(441): Illuminate/Database/Migrations/Migrator->{closure:Illuminate/Database/Migrations/Migrator::runMigration():428}()
#12 C:/laragon/www/MARIKA_XIPPLG4_17_UAS_PORTOFOLIO/vendor/laravel/framework/src/Illuminate/Database/Migrations/Migrator.php(244): Illuminate/Database/Migrations/Migrator->runMigration(Object(Illuminate/Database/Migrations/Migration@anonymous), 'up')
#13 C:/laragon/www/MARIKA_XIPPLG4_17_UAS_PORTOFOLIO/vendor/laravel/framework/src/Illuminate/Console/View/Components/Task.php(40): Illuminate/Database/Migrations/Migrator->{closure:Illuminate/Database/Migrations/Migrator::runUp():244}()
#14 C:/laragon/www/MARIKA_XIPPLG4_17_UAS_PORTOFOLIO/vendor/laravel/framework/src/Illuminate/Database/Migrations/Migrator.php(798): Illuminate/Console/View/Components/Task->render('2026_06_08_0329...', Object(Closure))
#15 C:/laragon/www/MARIKA_XIPPLG4_17_UAS_PORTOFOLIO/vendor/laravel/framework/src/Illuminate/Database/Migrations/Migrator.php(244): Illuminate/Database/Migrations/Migrator->write('Illuminate//Cons...', '2026_06_08_0329...', Object(Closure))
#16 C:/laragon/www/MARIKA_XIPPLG4_17_UAS_PORTOFOLIO/vendor/laravel/framework/src/Illuminate/Database/Migrations/Migrator.php(211): Illuminate/Database/Migrations/Migrator->runUp('C://laragon//www//...', 1, false)
#17 C:/laragon/www/MARIKA_XIPPLG4_17_UAS_PORTOFOLIO/vendor/laravel/framework/src/Illuminate/Database/Migrations/Migrator.php(138): Illuminate/Database/Migrations/Migrator->runPending(Array, Array)
#18 C:/laragon/www/MARIKA_XIPPLG4_17_UAS_PORTOFOLIO/vendor/laravel/framework/src/Illuminate/Database/Console/Migrations/MigrateCommand.php(117): Illuminate/Database/Migrations/Migrator->run(Array, Array)
#19 C:/laragon/www/MARIKA_XIPPLG4_17_UAS_PORTOFOLIO/vendor/laravel/framework/src/Illuminate/Database/Migrations/Migrator.php(658): Illuminate/Database/Console/Migrations/MigrateCommand->{closure:Illuminate/Database/Console/Migrations/MigrateCommand::runMigrations():110}()
#20 C:/laragon/www/MARIKA_XIPPLG4_17_UAS_PORTOFOLIO/vendor/laravel/framework/src/Illuminate/Database/Console/Migrations/MigrateCommand.php(110): Illuminate/Database/Migrations/Migrator->usingConnection(NULL, Object(Closure))
#21 C:/laragon/www/MARIKA_XIPPLG4_17_UAS_PORTOFOLIO/vendor/laravel/framework/src/Illuminate/Database/Console/Migrations/MigrateCommand.php(89): Illuminate/Database/Console/Migrations/MigrateCommand->runMigrations()
#22 C:/laragon/www/MARIKA_XIPPLG4_17_UAS_PORTOFOLIO/vendor/laravel/framework/src/Illuminate/Container/BoundMethod.php(36): Illuminate/Database/Console/Migrations/MigrateCommand->handle()
#23 C:/laragon/www/MARIKA_XIPPLG4_17_UAS_PORTOFOLIO/vendor/laravel/framework/src/Illuminate/Container/Util.php(43): Illuminate/Container/BoundMethod::{closure:Illuminate/Container/BoundMethod::call():35}()
#24 C:/laragon/www/MARIKA_XIPPLG4_17_UAS_PORTOFOLIO/vendor/laravel/framework/src/Illuminate/Container/BoundMethod.php(95): Illuminate/Container/Util::unwrapIfClosure(Object(Closure))
#25 C:/laragon/www/MARIKA_XIPPLG4_17_UAS_PORTOFOLIO/vendor/laravel/framework/src/Illuminate/Container/BoundMethod.php(35): Illuminate/Container/BoundMethod::callBoundMethod(Object(Illuminate/Foundation/Application), Array, Object(Closure))
#26 C:/laragon/www/MARIKA_XIPPLG4_17_UAS_PORTOFOLIO/vendor/laravel/framework/src/Illuminate/Container/Container.php(696): Illuminate/Container/BoundMethod::call(Object(Illuminate/Foundation/Application), Array, Array, NULL)
#27 C:/laragon/www/MARIKA_XIPPLG4_17_UAS_PORTOFOLIO/vendor/laravel/framework/src/Illuminate/Console/Command.php(213): Illuminate/Container/Container->call(Array)
#28 C:/laragon/www/MARIKA_XIPPLG4_17_UAS_PORTOFOLIO/vendor/symfony/console/Command/Command.php(341): Illuminate/Console/Command->execute(Object(Symfony/Component/Console/Input/ArgvInput), Object(Illuminate/Console/OutputStyle))
#29 C:/laragon/www/MARIKA_XIPPLG4_17_UAS_PORTOFOLIO/vendor/laravel/framework/src/Illuminate/Console/Command.php(182): Symfony/Component/Console/Command/Command->run(Object(Symfony/Component/Console/Input/ArgvInput), Object(Illuminate/Console/OutputStyle))
#30 C:/laragon/www/MARIKA_XIPPLG4_17_UAS_PORTOFOLIO/vendor/symfony/console/Application.php(1117): Illuminate/Console/Command->run(Object(Symfony/Component/Console/Input/ArgvInput), Object(Symfony/Component/Console/Output/ConsoleOutput))
#31 C:/laragon/www/MARIKA_XIPPLG4_17_UAS_PORTOFOLIO/vendor/symfony/console/Application.php(356): Symfony/Component/Console/Application->doRunCommand(Object(Illuminate/Database/Console/Migrations/MigrateCommand), Object(Symfony/Component/Console/Input/ArgvInput), Object(Symfony/Component/Console/Output/ConsoleOutput))
#32 C:/laragon/www/MARIKA_XIPPLG4_17_UAS_PORTOFOLIO/vendor/symfony/console/Application.php(195): Symfony/Component/Console/Application->doRun(Object(Symfony/Component/Console/Input/ArgvInput), Object(Symfony/Component/Console/Output/ConsoleOutput))
#33 C:/laragon/www/MARIKA_XIPPLG4_17_UAS_PORTOFOLIO/vendor/laravel/framework/src/Illuminate/Foundation/Console/Kernel.php(198): Symfony/Component/Console/Application->run(Object(Symfony/Component/Console/Input/ArgvInput), Object(Symfony/Component/Console/Output/ConsoleOutput))
#34 C:/laragon/www/MARIKA_XIPPLG4_17_UAS_PORTOFOLIO/vendor/laravel/framework/src/Illuminate/Foundation/Application.php(1235): Illuminate/Foundation/Console/Kernel->handle(Object(Symfony/Component/Console/Input/ArgvInput), Object(Symfony/Component/Console/Output/ConsoleOutput))
#35 C:/laragon/www/MARIKA_XIPPLG4_17_UAS_PORTOFOLIO/artisan(13): Illuminate/Foundation/Application->handleCommand(Object(Symfony/Component/Console/Input/ArgvInput))
#36 {main}
"} 
[2026-09-01 04:08:56] local.ERROR: SQLSTATE[42S01]: Base table or view already exists: 1050 Table 'abouts' already exists (Connection: mysql, SQL: create table `abouts` (`id` bigint unsigned not null auto_increment primary key, `created_at` timestamp null, `updated_at` timestamp null) default character set utf8mb4 collate 'utf8mb4_0900_ai_ci') {"exception":"[object] (Illuminate\\Database\\QueryException(code: 42S01): SQLSTATE[42S01]: Base table or view already exists: 1050 Table 'abouts' already exists (Connection: mysql, SQL: create table `abouts` (`id` bigint unsigned not null auto_increment primary key, `created_at` timestamp null, `updated_at` timestamp null) default character set utf8mb4 collate 'utf8mb4_0900_ai_ci') at C:/laragon/www/MARIKA_XIPPLG4_17_UAS_PORTOFOLIO/vendor/laravel/framework/src/Illuminate/Database/Connection.php:825)
[stacktrace]
#0 C:/laragon/www/MARIKA_XIPPLG4_17_UAS_PORTOFOLIO/vendor/laravel/framework/src/Illuminate/Database/Connection.php(779): Illuminate/Database/Connection->runQueryCallback('create table `a...', Array, Object(Closure))
#1 C:/laragon/www/MARIKA_XIPPLG4_17_UAS_PORTOFOLIO/vendor/laravel/framework/src/Illuminate/Database/Connection.php(560): Illuminate/Database/Connection->run('create table `a...', Array, Object(Closure))
#2 C:/laragon/www/MARIKA_XIPPLG4_17_UAS_PORTOFOLIO/vendor/laravel/framework/src/Illuminate/Database/Schema/Blueprint.php(118): Illuminate/Database/Connection->statement('create table `a...')
#3 C:/laragon/www/MARIKA_XIPPLG4_17_UAS_PORTOFOLIO/vendor/laravel/framework/src/Illuminate/Database/Schema/Builder.php(564): Illuminate/Database/Schema/Blueprint->build(Object(Illuminate/Database/MySqlConnection), Object(Illuminate/Database/Schema/Grammars/MySqlGrammar))
#4 C:/laragon/www/MARIKA_XIPPLG4_17_UAS_PORTOFOLIO/vendor/laravel/framework/src/Illuminate/Database/Schema/Builder.php(418): Illuminate/Database/Schema/Builder->build(Object(Illuminate/Database/Schema/Blueprint))
#5 C:/laragon/www/MARIKA_XIPPLG4_17_UAS_PORTOFOLIO/vendor/laravel/framework/src/Illuminate/Support/Facades/Facade.php(361): Illuminate/Database/Schema/Builder->create('abouts', Object(Closure))
#6 C:/laragon/www/MARIKA_XIPPLG4_17_UAS_PORTOFOLIO/database/migrations/2026_06_08_032951_create_abouts_table.php(14): Illuminate/Support/Facades/Facade::__callStatic('create', Array)
#7 C:/laragon/www/MARIKA_XIPPLG4_17_UAS_PORTOFOLIO/vendor/laravel/framework/src/Illuminate/Database/Migrations/Migrator.php(507): Illuminate/Database/Migrations/Migration@anonymous->up()
#8 C:/laragon/www/MARIKA_XIPPLG4_17_UAS_PORTOFOLIO/vendor/laravel/framework/src/Illuminate/Database/Migrations/Migrator.php(432): Illuminate/Database/Migrations/Migrator->runMethod(Object(Illuminate/Database/MySqlConnection), Object(Illuminate/Database/Migrations/Migration@anonymous), 'up')
#9 C:/laragon/www/MARIKA_XIPPLG4_17_UAS_PORTOFOLIO/vendor/laravel/framework/src/Illuminate/Database/Migrations/Migrator.php(441): Illuminate/Database/Migrations/Migrator->{closure:Illuminate/Database/Migrations/Migrator::runMigration():428}()
#10 C:/laragon/www/MARIKA_XIPPLG4_17_UAS_PORTOFOLIO/vendor/laravel/framework/src/Illuminate/Database/Migrations/Migrator.php(244): Illuminate/Database/Migrations/Migrator->runMigration(Object(Illuminate/Database/Migrations/Migration@anonymous), 'up')
#11 C:/laragon/www/MARIKA_XIPPLG4_17_UAS_PORTOFOLIO/vendor/laravel/framework/src/Illuminate/Console/View/Components/Task.php(40): Illuminate/Database/Migrations/Migrator->{closure:Illuminate/Database/Migrations/Migrator::runUp():244}()
#12 C:/laragon/www/MARIKA_XIPPLG4_17_UAS_PORTOFOLIO/vendor/laravel/framework/src/Illuminate/Database/Migrations/Migrator.php(798): Illuminate/Console/View/Components/Task->render('2026_06_08_0329...', Object(Closure))
#13 C:/laragon/www/MARIKA_XIPPLG4_17_UAS_PORTOFOLIO/vendor/laravel/framework/src/Illuminate/Database/Migrations/Migrator.php(244): Illuminate/Database/Migrations/Migrator->write('Illuminate//Cons...', '2026_06_08_0329...', Object(Closure))
#14 C:/laragon/www/MARIKA_XIPPLG4_17_UAS_PORTOFOLIO/vendor/laravel/framework/src/Illuminate/Database/Migrations/Migrator.php(211): Illuminate/Database/Migrations/Migrator->runUp('C://laragon//www//...', 1, false)
#15 C:/laragon/www/MARIKA_XIPPLG4_17_UAS_PORTOFOLIO/vendor/laravel/framework/src/Illuminate/Database/Migrations/Migrator.php(138): Illuminate/Database/Migrations/Migrator->runPending(Array, Array)
#16 C:/laragon/www/MARIKA_XIPPLG4_17_UAS_PORTOFOLIO/vendor/laravel/framework/src/Illuminate/Database/Console/Migrations/MigrateCommand.php(117): Illuminate/Database/Migrations/Migrator->run(Array, Array)
#17 C:/laragon/www/MARIKA_XIPPLG4_17_UAS_PORTOFOLIO/vendor/laravel/framework/src/Illuminate/Database/Migrations/Migrator.php(658): Illuminate/Database/Console/Migrations/MigrateCommand->{closure:Illuminate/Database/Console/Migrations/MigrateCommand::runMigrations():110}()
#18 C:/laragon/www/MARIKA_XIPPLG4_17_UAS_PORTOFOLIO/vendor/laravel/framework/src/Illuminate/Database/Console/Migrations/MigrateCommand.php(110): Illuminate/Database/Migrations/Migrator->usingConnection(NULL, Object(Closure))
#19 C:/laragon/www/MARIKA_XIPPLG4_17_UAS_PORTOFOLIO/vendor/laravel/framework/src/Illuminate/Database/Console/Migrations/MigrateCommand.php(89): Illuminate/Database/Console/Migrations/MigrateCommand->runMigrations()
#20 C:/laragon/www/MARIKA_XIPPLG4_17_UAS_PORTOFOLIO/vendor/laravel/framework/src/Illuminate/Container/BoundMethod.php(36): Illuminate/Database/Console/Migrations/MigrateCommand->handle()
#21 C:/laragon/www/MARIKA_XIPPLG4_17_UAS_PORTOFOLIO/vendor/laravel/framework/src/Illuminate/Container/Util.php(43): Illuminate/Container/BoundMethod::{closure:Illuminate/Container/BoundMethod::call():35}()
#22 C:/laragon/www/MARIKA_XIPPLG4_17_UAS_PORTOFOLIO/vendor/laravel/framework/src/Illuminate/Container/BoundMethod.php(95): Illuminate/Container/Util::unwrapIfClosure(Object(Closure))
#23 C:/laragon/www/MARIKA_XIPPLG4_17_UAS_PORTOFOLIO/vendor/laravel/framework/src/Illuminate/Container/BoundMethod.php(35): Illuminate/Container/BoundMethod::callBoundMethod(Object(Illuminate/Foundation/Application), Array, Object(Closure))
#24 C:/laragon/www/MARIKA_XIPPLG4_17_UAS_PORTOFOLIO/vendor/laravel/framework/src/Illuminate/Container/Container.php(696): Illuminate/Container/BoundMethod::call(Object(Illuminate/Foundation/Application), Array, Array, NULL)
#25 C:/laragon/www/MARIKA_XIPPLG4_17_UAS_PORTOFOLIO/vendor/laravel/framework/src/Illuminate/Console/Command.php(213): Illuminate/Container/Container->call(Array)
#26 C:/laragon/www/MARIKA_XIPPLG4_17_UAS_PORTOFOLIO/vendor/symfony/console/Command/Command.php(341): Illuminate/Console/Command->execute(Object(Symfony/Component/Console/Input/ArrayInput), Object(Illuminate/Console/OutputStyle))
#27 C:/laragon/www/MARIKA_XIPPLG4_17_UAS_PORTOFOLIO/vendor/laravel/framework/src/Illuminate/Console/Command.php(182): Symfony/Component/Console/Command/Command->run(Object(Symfony/Component/Console/Input/ArrayInput), Object(Illuminate/Console/OutputStyle))
#28 C:/laragon/www/MARIKA_XIPPLG4_17_UAS_PORTOFOLIO/vendor/laravel/framework/src/Illuminate/Console/Concerns/CallsCommands.php(68): Illuminate/Console/Command->run(Object(Symfony/Component/Console/Input/ArrayInput), Object(Illuminate/Console/OutputStyle))
#29 C:/laragon/www/MARIKA_XIPPLG4_17_UAS_PORTOFOLIO/vendor/laravel/framework/src/Illuminate/Console/Concerns/CallsCommands.php(29): Illuminate/Console/Command->runCommand('migrate', Array, Object(Illuminate/Console/OutputStyle))
#30 C:/laragon/www/MARIKA_XIPPLG4_17_UAS_PORTOFOLIO/vendor/laravel/framework/src/Illuminate/Database/Console/Migrations/FreshCommand.php(82): Illuminate/Console/Command->call('migrate', Array)
#31 C:/laragon/www/MARIKA_XIPPLG4_17_UAS_PORTOFOLIO/vendor/laravel/framework/src/Illuminate/Container/BoundMethod.php(36): Illuminate/Database/Console/Migrations/FreshCommand->handle()
#32 C:/laragon/www/MARIKA_XIPPLG4_17_UAS_PORTOFOLIO/vendor/laravel/framework/src/Illuminate/Container/Util.php(43): Illuminate/Container/BoundMethod::{closure:Illuminate/Container/BoundMethod::call():35}()
#33 C:/laragon/www/MARIKA_XIPPLG4_17_UAS_PORTOFOLIO/vendor/laravel/framework/src/Illuminate/Container/BoundMethod.php(95): Illuminate/Container/Util::unwrapIfClosure(Object(Closure))
#34 C:/laragon/www/MARIKA_XIPPLG4_17_UAS_PORTOFOLIO/vendor/laravel/framework/src/Illuminate/Container/BoundMethod.php(35): Illuminate/Container/BoundMethod::callBoundMethod(Object(Illuminate/Foundation/Application), Array, Object(Closure))
#35 C:/laragon/www/MARIKA_XIPPLG4_17_UAS_PORTOFOLIO/vendor/laravel/framework/src/Illuminate/Container/Container.php(696): Illuminate/Container/BoundMethod::call(Object(Illuminate/Foundation/Application), Array, Array, NULL)
#36 C:/laragon/www/MARIKA_XIPPLG4_17_UAS_PORTOFOLIO/vendor/laravel/framework/src/Illuminate/Console/Command.php(213): Illuminate/Container/Container->call(Array)
#37 C:/laragon/www/MARIKA_XIPPLG4_17_UAS_PORTOFOLIO/vendor/symfony/console/Command/Command.php(341): Illuminate/Console/Command->execute(Object(Symfony/Component/Console/Input/ArgvInput), Object(Illuminate/Console/OutputStyle))
#38 C:/laragon/www/MARIKA_XIPPLG4_17_UAS_PORTOFOLIO/vendor/laravel/framework/src/Illuminate/Console/Command.php(182): Symfony/Component/Console/Command/Command->run(Object(Symfony/Component/Console/Input/ArgvInput), Object(Illuminate/Console/OutputStyle))
#39 C:/laragon/www/MARIKA_XIPPLG4_17_UAS_PORTOFOLIO/vendor/symfony/console/Application.php(1117): Illuminate/Console/Command->run(Object(Symfony/Component/Console/Input/ArgvInput), Object(Symfony/Component/Console/Output/ConsoleOutput))
#40 C:/laragon/www/MARIKA_XIPPLG4_17_UAS_PORTOFOLIO/vendor/symfony/console/Application.php(356): Symfony/Component/Console/Application->doRunCommand(Object(Illuminate/Database/Console/Migrations/FreshCommand), Object(Symfony/Component/Console/Input/ArgvInput), Object(Symfony/Component/Console/Output/ConsoleOutput))
#41 C:/laragon/www/MARIKA_XIPPLG4_17_UAS_PORTOFOLIO/vendor/symfony/console/Application.php(195): Symfony/Component/Console/Application->doRun(Object(Symfony/Component/Console/Input/ArgvInput), Object(Symfony/Component/Console/Output/ConsoleOutput))
#42 C:/laragon/www/MARIKA_XIPPLG4_17_UAS_PORTOFOLIO/vendor/laravel/framework/src/Illuminate/Foundation/Console/Kernel.php(198): Symfony/Component/Console/Application->run(Object(Symfony/Component/Console/Input/ArgvInput), Object(Symfony/Component/Console/Output/ConsoleOutput))
#43 C:/laragon/www/MARIKA_XIPPLG4_17_UAS_PORTOFOLIO/vendor/laravel/framework/src/Illuminate/Foundation/Application.php(1235): Illuminate/Foundation/Console/Kernel->handle(Object(Symfony/Component/Console/Input/ArgvInput), Object(Symfony/Component/Console/Output/ConsoleOutput))
#44 C:/laragon/www/MARIKA_XIPPLG4_17_UAS_PORTOFOLIO/artisan(13): Illuminate/Foundation/Application->handleCommand(Object(Symfony/Component/Console/Input/ArgvInput))
#45 {main}

[previous exception] [object] (PDOException(code: 42S01): SQLSTATE[42S01]: Base table or view already exists: 1050 Table 'abouts' already exists at C:/laragon/www/MARIKA_XIPPLG4_17_UAS_PORTOFOLIO/vendor/laravel/framework/src/Illuminate/Database/Connection.php:571)
[stacktrace]
#0 C:/laragon/www/MARIKA_XIPPLG4_17_UAS_PORTOFOLIO/vendor/laravel/framework/src/Illuminate/Database/Connection.php(571): PDOStatement->execute()
#1 C:/laragon/www/MARIKA_XIPPLG4_17_UAS_PORTOFOLIO/vendor/laravel/framework/src/Illuminate/Database/Connection.php(812): Illuminate/Database/Connection->{closure:Illuminate/Database/Connection::statement():560}('create table `a...', Array)
#2 C:/laragon/www/MARIKA_XIPPLG4_17_UAS_PORTOFOLIO/vendor/laravel/framework/src/Illuminate/Database/Connection.php(779): Illuminate/Database/Connection->runQueryCallback('create table `a...', Array, Object(Closure))
#3 C:/laragon/www/MARIKA_XIPPLG4_17_UAS_PORTOFOLIO/vendor/laravel/framework/src/Illuminate/Database/Connection.php(560): Illuminate/Database/Connection->run('create table `a...', Array, Object(Closure))
#4 C:/laragon/www/MARIKA_XIPPLG4_17_UAS_PORTOFOLIO/vendor/laravel/framework/src/Illuminate/Database/Schema/Blueprint.php(118): Illuminate/Database/Connection->statement('create table `a...')
#5 C:/laragon/www/MARIKA_XIPPLG4_17_UAS_PORTOFOLIO/vendor/laravel/framework/src/Illuminate/Database/Schema/Builder.php(564): Illuminate/Database/Schema/Blueprint->build(Object(Illuminate/Database/MySqlConnection), Object(Illuminate/Database/Schema/Grammars/MySqlGrammar))
#6 C:/laragon/www/MARIKA_XIPPLG4_17_UAS_PORTOFOLIO/vendor/laravel/framework/src/Illuminate/Database/Schema/Builder.php(418): Illuminate/Database/Schema/Builder->build(Object(Illuminate/Database/Schema/Blueprint))
#7 C:/laragon/www/MARIKA_XIPPLG4_17_UAS_PORTOFOLIO/vendor/laravel/framework/src/Illuminate/Support/Facades/Facade.php(361): Illuminate/Database/Schema/Builder->create('abouts', Object(Closure))
#8 C:/laragon/www/MARIKA_XIPPLG4_17_UAS_PORTOFOLIO/database/migrations/2026_06_08_032951_create_abouts_table.php(14): Illuminate/Support/Facades/Facade::__callStatic('create', Array)
#9 C:/laragon/www/MARIKA_XIPPLG4_17_UAS_PORTOFOLIO/vendor/laravel/framework/src/Illuminate/Database/Migrations/Migrator.php(507): Illuminate/Database/Migrations/Migration@anonymous->up()
#10 C:/laragon/www/MARIKA_XIPPLG4_17_UAS_PORTOFOLIO/vendor/laravel/framework/src/Illuminate/Database/Migrations/Migrator.php(432): Illuminate/Database/Migrations/Migrator->runMethod(Object(Illuminate/Database/MySqlConnection), Object(Illuminate/Database/Migrations/Migration@anonymous), 'up')
#11 C:/laragon/www/MARIKA_XIPPLG4_17_UAS_PORTOFOLIO/vendor/laravel/framework/src/Illuminate/Database/Migrations/Migrator.php(441): Illuminate/Database/Migrations/Migrator->{closure:Illuminate/Database/Migrations/Migrator::runMigration():428}()
#12 C:/laragon/www/MARIKA_XIPPLG4_17_UAS_PORTOFOLIO/vendor/laravel/framework/src/Illuminate/Database/Migrations/Migrator.php(244): Illuminate/Database/Migrations/Migrator->runMigration(Object(Illuminate/Database/Migrations/Migration@anonymous), 'up')
#13 C:/laragon/www/MARIKA_XIPPLG4_17_UAS_PORTOFOLIO/vendor/laravel/framework/src/Illuminate/Console/View/Components/Task.php(40): Illuminate/Database/Migrations/Migrator->{closure:Illuminate/Database/Migrations/Migrator::runUp():244}()
#14 C:/laragon/www/MARIKA_XIPPLG4_17_UAS_PORTOFOLIO/vendor/laravel/framework/src/Illuminate/Database/Migrations/Migrator.php(798): Illuminate/Console/View/Components/Task->render('2026_06_08_0329...', Object(Closure))
#15 C:/laragon/www/MARIKA_XIPPLG4_17_UAS_PORTOFOLIO/vendor/laravel/framework/src/Illuminate/Database/Migrations/Migrator.php(244): Illuminate/Database/Migrations/Migrator->write('Illuminate//Cons...', '2026_06_08_0329...', Object(Closure))
#16 C:/laragon/www/MARIKA_XIPPLG4_17_UAS_PORTOFOLIO/vendor/laravel/framework/src/Illuminate/Database/Migrations/Migrator.php(211): Illuminate/Database/Migrations/Migrator->runUp('C://laragon//www//...', 1, false)
#17 C:/laragon/www/MARIKA_XIPPLG4_17_UAS_PORTOFOLIO/vendor/laravel/framework/src/Illuminate/Database/Migrations/Migrator.php(138): Illuminate/Database/Migrations/Migrator->runPending(Array, Array)
#18 C:/laragon/www/MARIKA_XIPPLG4_17_UAS_PORTOFOLIO/vendor/laravel/framework/src/Illuminate/Database/Console/Migrations/MigrateCommand.php(117): Illuminate/Database/Migrations/Migrator->run(Array, Array)
#19 C:/laragon/www/MARIKA_XIPPLG4_17_UAS_PORTOFOLIO/vendor/laravel/framework/src/Illuminate/Database/Migrations/Migrator.php(658): Illuminate/Database/Console/Migrations/MigrateCommand->{closure:Illuminate/Database/Console/Migrations/MigrateCommand::runMigrations():110}()
#20 C:/laragon/www/MARIKA_XIPPLG4_17_UAS_PORTOFOLIO/vendor/laravel/framework/src/Illuminate/Database/Console/Migrations/MigrateCommand.php(110): Illuminate/Database/Migrations/Migrator->usingConnection(NULL, Object(Closure))
#21 C:/laragon/www/MARIKA_XIPPLG4_17_UAS_PORTOFOLIO/vendor/laravel/framework/src/Illuminate/Database/Console/Migrations/MigrateCommand.php(89): Illuminate/Database/Console/Migrations/MigrateCommand->runMigrations()
#22 C:/laragon/www/MARIKA_XIPPLG4_17_UAS_PORTOFOLIO/vendor/laravel/framework/src/Illuminate/Container/BoundMethod.php(36): Illuminate/Database/Console/Migrations/MigrateCommand->handle()
#23 C:/laragon/www/MARIKA_XIPPLG4_17_UAS_PORTOFOLIO/vendor/laravel/framework/src/Illuminate/Container/Util.php(43): Illuminate/Container/BoundMethod::{closure:Illuminate/Container/BoundMethod::call():35}()
#24 C:/laragon/www/MARIKA_XIPPLG4_17_UAS_PORTOFOLIO/vendor/laravel/framework/src/Illuminate/Container/BoundMethod.php(95): Illuminate/Container/Util::unwrapIfClosure(Object(Closure))
#25 C:/laragon/www/MARIKA_XIPPLG4_17_UAS_PORTOFOLIO/vendor/laravel/framework/src/Illuminate/Container/BoundMethod.php(35): Illuminate/Container/BoundMethod::callBoundMethod(Object(Illuminate/Foundation/Application), Array, Object(Closure))
#26 C:/laragon/www/MARIKA_XIPPLG4_17_UAS_PORTOFOLIO/vendor/laravel/framework/src/Illuminate/Container/Container.php(696): Illuminate/Container/BoundMethod::call(Object(Illuminate/Foundation/Application), Array, Array, NULL)
#27 C:/laragon/www/MARIKA_XIPPLG4_17_UAS_PORTOFOLIO/vendor/laravel/framework/src/Illuminate/Console/Command.php(213): Illuminate/Container/Container->call(Array)
#28 C:/laragon/www/MARIKA_XIPPLG4_17_UAS_PORTOFOLIO/vendor/symfony/console/Command/Command.php(341): Illuminate/Console/Command->execute(Object(Symfony/Component/Console/Input/ArrayInput), Object(Illuminate/Console/OutputStyle))
#29 C:/laragon/www/MARIKA_XIPPLG4_17_UAS_PORTOFOLIO/vendor/laravel/framework/src/Illuminate/Console/Command.php(182): Symfony/Component/Console/Command/Command->run(Object(Symfony/Component/Console/Input/ArrayInput), Object(Illuminate/Console/OutputStyle))
#30 C:/laragon/www/MARIKA_XIPPLG4_17_UAS_PORTOFOLIO/vendor/laravel/framework/src/Illuminate/Console/Concerns/CallsCommands.php(68): Illuminate/Console/Command->run(Object(Symfony/Component/Console/Input/ArrayInput), Object(Illuminate/Console/OutputStyle))
#31 C:/laragon/www/MARIKA_XIPPLG4_17_UAS_PORTOFOLIO/vendor/laravel/framework/src/Illuminate/Console/Concerns/CallsCommands.php(29): Illuminate/Console/Command->runCommand('migrate', Array, Object(Illuminate/Console/OutputStyle))
#32 C:/laragon/www/MARIKA_XIPPLG4_17_UAS_PORTOFOLIO/vendor/laravel/framework/src/Illuminate/Database/Console/Migrations/FreshCommand.php(82): Illuminate/Console/Command->call('migrate', Array)
#33 C:/laragon/www/MARIKA_XIPPLG4_17_UAS_PORTOFOLIO/vendor/laravel/framework/src/Illuminate/Container/BoundMethod.php(36): Illuminate/Database/Console/Migrations/FreshCommand->handle()
#34 C:/laragon/www/MARIKA_XIPPLG4_17_UAS_PORTOFOLIO/vendor/laravel/framework/src/Illuminate/Container/Util.php(43): Illuminate/Container/BoundMethod::{closure:Illuminate/Container/BoundMethod::call():35}()
#35 C:/laragon/www/MARIKA_XIPPLG4_17_UAS_PORTOFOLIO/vendor/laravel/framework/src/Illuminate/Container/BoundMethod.php(95): Illuminate/Container/Util::unwrapIfClosure(Object(Closure))
#36 C:/laragon/www/MARIKA_XIPPLG4_17_UAS_PORTOFOLIO/vendor/laravel/framework/src/Illuminate/Container/BoundMethod.php(35): Illuminate/Container/BoundMethod::callBoundMethod(Object(Illuminate/Foundation/Application), Array, Object(Closure))
#37 C:/laragon/www/MARIKA_XIPPLG4_17_UAS_PORTOFOLIO/vendor/laravel/framework/src/Illuminate/Container/Container.php(696): Illuminate/Container/BoundMethod::call(Object(Illuminate/Foundation/Application), Array, Array, NULL)
#38 C:/laragon/www/MARIKA_XIPPLG4_17_UAS_PORTOFOLIO/vendor/laravel/framework/src/Illuminate/Console/Command.php(213): Illuminate/Container/Container->call(Array)
#39 C:/laragon/www/MARIKA_XIPPLG4_17_UAS_PORTOFOLIO/vendor/symfony/console/Command/Command.php(341): Illuminate/Console/Command->execute(Object(Symfony/Component/Console/Input/ArgvInput), Object(Illuminate/Console/OutputStyle))
#40 C:/laragon/www/MARIKA_XIPPLG4_17_UAS_PORTOFOLIO/vendor/laravel/framework/src/Illuminate/Console/Command.php(182): Symfony/Component/Console/Command/Command->run(Object(Symfony/Component/Console/Input/ArgvInput), Object(Illuminate/Console/OutputStyle))
#41 C:/laragon/www/MARIKA_XIPPLG4_17_UAS_PORTOFOLIO/vendor/symfony/console/Application.php(1117): Illuminate/Console/Command->run(Object(Symfony/Component/Console/Input/ArgvInput), Object(Symfony/Component/Console/Output/ConsoleOutput))
#42 C:/laragon/www/MARIKA_XIPPLG4_17_UAS_PORTOFOLIO/vendor/symfony/console/Application.php(356): Symfony/Component/Console/Application->doRunCommand(Object(Illuminate/Database/Console/Migrations/FreshCommand), Object(Symfony/Component/Console/Input/ArgvInput), Object(Symfony/Component/Console/Output/ConsoleOutput))
#43 C:/laragon/www/MARIKA_XIPPLG4_17_UAS_PORTOFOLIO/vendor/symfony/console/Application.php(195): Symfony/Component/Console/Application->doRun(Object(Symfony/Component/Console/Input/ArgvInput), Object(Symfony/Component/Console/Output/ConsoleOutput))
#44 C:/laragon/www/MARIKA_XIPPLG4_17_UAS_PORTOFOLIO/vendor/laravel/framework/src/Illuminate/Foundation/Console/Kernel.php(198): Symfony/Component/Console/Application->run(Object(Symfony/Component/Console/Input/ArgvInput), Object(Symfony/Component/Console/Output/ConsoleOutput))
#45 C:/laragon/www/MARIKA_XIPPLG4_17_UAS_PORTOFOLIO/vendor/laravel/framework/src/Illuminate/Foundation/Application.php(1235): Illuminate/Foundation/Console/Kernel->handle(Object(Symfony/Component/Console/Input/ArgvInput), Object(Symfony/Component/Console/Output/ConsoleOutput))
#46 C:/laragon/www/MARIKA_XIPPLG4_17_UAS_PORTOFOLIO/artisan(13): Illuminate/Foundation/Application->handleCommand(Object(Symfony/Component/Console/Input/ArgvInput))
#47 {main}
"} 
[2026-09-01 04:09:04] local.ERROR: SQLSTATE[42S01]: Base table or view already exists: 1050 Table 'abouts' already exists (Connection: mysql, SQL: create table `abouts` (`id` bigint unsigned not null auto_increment primary key, `created_at` timestamp null, `updated_at` timestamp null) default character set utf8mb4 collate 'utf8mb4_0900_ai_ci') {"exception":"[object] (Illuminate\\Database\\QueryException(code: 42S01): SQLSTATE[42S01]: Base table or view already exists: 1050 Table 'abouts' already exists (Connection: mysql, SQL: create table `abouts` (`id` bigint unsigned not null auto_increment primary key, `created_at` timestamp null, `updated_at` timestamp null) default character set utf8mb4 collate 'utf8mb4_0900_ai_ci') at C:/laragon/www/MARIKA_XIPPLG4_17_UAS_PORTOFOLIO/vendor/laravel/framework/src/Illuminate/Database/Connection.php:825)
[stacktrace]
#0 C:/laragon/www/MARIKA_XIPPLG4_17_UAS_PORTOFOLIO/vendor/laravel/framework/src/Illuminate/Database/Connection.php(779): Illuminate/Database/Connection->runQueryCallback('create table `a...', Array, Object(Closure))
#1 C:/laragon/www/MARIKA_XIPPLG4_17_UAS_PORTOFOLIO/vendor/laravel/framework/src/Illuminate/Database/Connection.php(560): Illuminate/Database/Connection->run('create table `a...', Array, Object(Closure))
#2 C:/laragon/www/MARIKA_XIPPLG4_17_UAS_PORTOFOLIO/vendor/laravel/framework/src/Illuminate/Database/Schema/Blueprint.php(118): Illuminate/Database/Connection->statement('create table `a...')
#3 C:/laragon/www/MARIKA_XIPPLG4_17_UAS_PORTOFOLIO/vendor/laravel/framework/src/Illuminate/Database/Schema/Builder.php(564): Illuminate/Database/Schema/Blueprint->build(Object(Illuminate/Database/MySqlConnection), Object(Illuminate/Database/Schema/Grammars/MySqlGrammar))
#4 C:/laragon/www/MARIKA_XIPPLG4_17_UAS_PORTOFOLIO/vendor/laravel/framework/src/Illuminate/Database/Schema/Builder.php(418): Illuminate/Database/Schema/Builder->build(Object(Illuminate/Database/Schema/Blueprint))
#5 C:/laragon/www/MARIKA_XIPPLG4_17_UAS_PORTOFOLIO/vendor/laravel/framework/src/Illuminate/Support/Facades/Facade.php(361): Illuminate/Database/Schema/Builder->create('abouts', Object(Closure))
#6 C:/laragon/www/MARIKA_XIPPLG4_17_UAS_PORTOFOLIO/database/migrations/2026_06_08_032951_create_abouts_table.php(14): Illuminate/Support/Facades/Facade::__callStatic('create', Array)
#7 C:/laragon/www/MARIKA_XIPPLG4_17_UAS_PORTOFOLIO/vendor/laravel/framework/src/Illuminate/Database/Migrations/Migrator.php(507): Illuminate/Database/Migrations/Migration@anonymous->up()
#8 C:/laragon/www/MARIKA_XIPPLG4_17_UAS_PORTOFOLIO/vendor/laravel/framework/src/Illuminate/Database/Migrations/Migrator.php(432): Illuminate/Database/Migrations/Migrator->runMethod(Object(Illuminate/Database/MySqlConnection), Object(Illuminate/Database/Migrations/Migration@anonymous), 'up')
#9 C:/laragon/www/MARIKA_XIPPLG4_17_UAS_PORTOFOLIO/vendor/laravel/framework/src/Illuminate/Database/Migrations/Migrator.php(441): Illuminate/Database/Migrations/Migrator->{closure:Illuminate/Database/Migrations/Migrator::runMigration():428}()
#10 C:/laragon/www/MARIKA_XIPPLG4_17_UAS_PORTOFOLIO/vendor/laravel/framework/src/Illuminate/Database/Migrations/Migrator.php(244): Illuminate/Database/Migrations/Migrator->runMigration(Object(Illuminate/Database/Migrations/Migration@anonymous), 'up')
#11 C:/laragon/www/MARIKA_XIPPLG4_17_UAS_PORTOFOLIO/vendor/laravel/framework/src/Illuminate/Console/View/Components/Task.php(40): Illuminate/Database/Migrations/Migrator->{closure:Illuminate/Database/Migrations/Migrator::runUp():244}()
#12 C:/laragon/www/MARIKA_XIPPLG4_17_UAS_PORTOFOLIO/vendor/laravel/framework/src/Illuminate/Database/Migrations/Migrator.php(798): Illuminate/Console/View/Components/Task->render('2026_06_08_0329...', Object(Closure))
#13 C:/laragon/www/MARIKA_XIPPLG4_17_UAS_PORTOFOLIO/vendor/laravel/framework/src/Illuminate/Database/Migrations/Migrator.php(244): Illuminate/Database/Migrations/Migrator->write('Illuminate//Cons...', '2026_06_08_0329...', Object(Closure))
#14 C:/laragon/www/MARIKA_XIPPLG4_17_UAS_PORTOFOLIO/vendor/laravel/framework/src/Illuminate/Database/Migrations/Migrator.php(211): Illuminate/Database/Migrations/Migrator->runUp('C://laragon//www//...', 1, false)
#15 C:/laragon/www/MARIKA_XIPPLG4_17_UAS_PORTOFOLIO/vendor/laravel/framework/src/Illuminate/Database/Migrations/Migrator.php(138): Illuminate/Database/Migrations/Migrator->runPending(Array, Array)
#16 C:/laragon/www/MARIKA_XIPPLG4_17_UAS_PORTOFOLIO/vendor/laravel/framework/src/Illuminate/Database/Console/Migrations/MigrateCommand.php(117): Illuminate/Database/Migrations/Migrator->run(Array, Array)
#17 C:/laragon/www/MARIKA_XIPPLG4_17_UAS_PORTOFOLIO/vendor/laravel/framework/src/Illuminate/Database/Migrations/Migrator.php(658): Illuminate/Database/Console/Migrations/MigrateCommand->{closure:Illuminate/Database/Console/Migrations/MigrateCommand::runMigrations():110}()
#18 C:/laragon/www/MARIKA_XIPPLG4_17_UAS_PORTOFOLIO/vendor/laravel/framework/src/Illuminate/Database/Console/Migrations/MigrateCommand.php(110): Illuminate/Database/Migrations/Migrator->usingConnection(NULL, Object(Closure))
#19 C:/laragon/www/MARIKA_XIPPLG4_17_UAS_PORTOFOLIO/vendor/laravel/framework/src/Illuminate/Database/Console/Migrations/MigrateCommand.php(89): Illuminate/Database/Console/Migrations/MigrateCommand->runMigrations()
#20 C:/laragon/www/MARIKA_XIPPLG4_17_UAS_PORTOFOLIO/vendor/laravel/framework/src/Illuminate/Container/BoundMethod.php(36): Illuminate/Database/Console/Migrations/MigrateCommand->handle()
#21 C:/laragon/www/MARIKA_XIPPLG4_17_UAS_PORTOFOLIO/vendor/laravel/framework/src/Illuminate/Container/Util.php(43): Illuminate/Container/BoundMethod::{closure:Illuminate/Container/BoundMethod::call():35}()
#22 C:/laragon/www/MARIKA_XIPPLG4_17_UAS_PORTOFOLIO/vendor/laravel/framework/src/Illuminate/Container/BoundMethod.php(95): Illuminate/Container/Util::unwrapIfClosure(Object(Closure))
#23 C:/laragon/www/MARIKA_XIPPLG4_17_UAS_PORTOFOLIO/vendor/laravel/framework/src/Illuminate/Container/BoundMethod.php(35): Illuminate/Container/BoundMethod::callBoundMethod(Object(Illuminate/Foundation/Application), Array, Object(Closure))
#24 C:/laragon/www/MARIKA_XIPPLG4_17_UAS_PORTOFOLIO/vendor/laravel/framework/src/Illuminate/Container/Container.php(696): Illuminate/Container/BoundMethod::call(Object(Illuminate/Foundation/Application), Array, Array, NULL)
#25 C:/laragon/www/MARIKA_XIPPLG4_17_UAS_PORTOFOLIO/vendor/laravel/framework/src/Illuminate/Console/Command.php(213): Illuminate/Container/Container->call(Array)
#26 C:/laragon/www/MARIKA_XIPPLG4_17_UAS_PORTOFOLIO/vendor/symfony/console/Command/Command.php(341): Illuminate/Console/Command->execute(Object(Symfony/Component/Console/Input/ArrayInput), Object(Illuminate/Console/OutputStyle))
#27 C:/laragon/www/MARIKA_XIPPLG4_17_UAS_PORTOFOLIO/vendor/laravel/framework/src/Illuminate/Console/Command.php(182): Symfony/Component/Console/Command/Command->run(Object(Symfony/Component/Console/Input/ArrayInput), Object(Illuminate/Console/OutputStyle))
#28 C:/laragon/www/MARIKA_XIPPLG4_17_UAS_PORTOFOLIO/vendor/laravel/framework/src/Illuminate/Console/Concerns/CallsCommands.php(68): Illuminate/Console/Command->run(Object(Symfony/Component/Console/Input/ArrayInput), Object(Illuminate/Console/OutputStyle))
#29 C:/laragon/www/MARIKA_XIPPLG4_17_UAS_PORTOFOLIO/vendor/laravel/framework/src/Illuminate/Console/Concerns/CallsCommands.php(29): Illuminate/Console/Command->runCommand('migrate', Array, Object(Illuminate/Console/OutputStyle))
#30 C:/laragon/www/MARIKA_XIPPLG4_17_UAS_PORTOFOLIO/vendor/laravel/framework/src/Illuminate/Database/Console/Migrations/FreshCommand.php(82): Illuminate/Console/Command->call('migrate', Array)
#31 C:/laragon/www/MARIKA_XIPPLG4_17_UAS_PORTOFOLIO/vendor/laravel/framework/src/Illuminate/Container/BoundMethod.php(36): Illuminate/Database/Console/Migrations/FreshCommand->handle()
#32 C:/laragon/www/MARIKA_XIPPLG4_17_UAS_PORTOFOLIO/vendor/laravel/framework/src/Illuminate/Container/Util.php(43): Illuminate/Container/BoundMethod::{closure:Illuminate/Container/BoundMethod::call():35}()
#33 C:/laragon/www/MARIKA_XIPPLG4_17_UAS_PORTOFOLIO/vendor/laravel/framework/src/Illuminate/Container/BoundMethod.php(95): Illuminate/Container/Util::unwrapIfClosure(Object(Closure))
#34 C:/laragon/www/MARIKA_XIPPLG4_17_UAS_PORTOFOLIO/vendor/laravel/framework/src/Illuminate/Container/BoundMethod.php(35): Illuminate/Container/BoundMethod::callBoundMethod(Object(Illuminate/Foundation/Application), Array, Object(Closure))
#35 C:/laragon/www/MARIKA_XIPPLG4_17_UAS_PORTOFOLIO/vendor/laravel/framework/src/Illuminate/Container/Container.php(696): Illuminate/Container/BoundMethod::call(Object(Illuminate/Foundation/Application), Array, Array, NULL)
#36 C:/laragon/www/MARIKA_XIPPLG4_17_UAS_PORTOFOLIO/vendor/laravel/framework/src/Illuminate/Console/Command.php(213): Illuminate/Container/Container->call(Array)
#37 C:/laragon/www/MARIKA_XIPPLG4_17_UAS_PORTOFOLIO/vendor/symfony/console/Command/Command.php(341): Illuminate/Console/Command->execute(Object(Symfony/Component/Console/Input/ArgvInput), Object(Illuminate/Console/OutputStyle))
#38 C:/laragon/www/MARIKA_XIPPLG4_17_UAS_PORTOFOLIO/vendor/laravel/framework/src/Illuminate/Console/Command.php(182): Symfony/Component/Console/Command/Command->run(Object(Symfony/Component/Console/Input/ArgvInput), Object(Illuminate/Console/OutputStyle))
#39 C:/laragon/www/MARIKA_XIPPLG4_17_UAS_PORTOFOLIO/vendor/symfony/console/Application.php(1117): Illuminate/Console/Command->run(Object(Symfony/Component/Console/Input/ArgvInput), Object(Symfony/Component/Console/Output/ConsoleOutput))
#40 C:/laragon/www/MARIKA_XIPPLG4_17_UAS_PORTOFOLIO/vendor/symfony/console/Application.php(356): Symfony/Component/Console/Application->doRunCommand(Object(Illuminate/Database/Console/Migrations/FreshCommand), Object(Symfony/Component/Console/Input/ArgvInput), Object(Symfony/Component/Console/Output/ConsoleOutput))
#41 C:/laragon/www/MARIKA_XIPPLG4_17_UAS_PORTOFOLIO/vendor/symfony/console/Application.php(195): Symfony/Component/Console/Application->doRun(Object(Symfony/Component/Console/Input/ArgvInput), Object(Symfony/Component/Console/Output/ConsoleOutput))
#42 C:/laragon/www/MARIKA_XIPPLG4_17_UAS_PORTOFOLIO/vendor/laravel/framework/src/Illuminate/Foundation/Console/Kernel.php(198): Symfony/Component/Console/Application->run(Object(Symfony/Component/Console/Input/ArgvInput), Object(Symfony/Component/Console/Output/ConsoleOutput))
#43 C:/laragon/www/MARIKA_XIPPLG4_17_UAS_PORTOFOLIO/vendor/laravel/framework/src/Illuminate/Foundation/Application.php(1235): Illuminate/Foundation/Console/Kernel->handle(Object(Symfony/Component/Console/Input/ArgvInput), Object(Symfony/Component/Console/Output/ConsoleOutput))
#44 C:/laragon/www/MARIKA_XIPPLG4_17_UAS_PORTOFOLIO/artisan(13): Illuminate/Foundation/Application->handleCommand(Object(Symfony/Component/Console/Input/ArgvInput))
#45 {main}

[previous exception] [object] (PDOException(code: 42S01): SQLSTATE[42S01]: Base table or view already exists: 1050 Table 'abouts' already exists at C:/laragon/www/MARIKA_XIPPLG4_17_UAS_PORTOFOLIO/vendor/laravel/framework/src/Illuminate/Database/Connection.php:571)
[stacktrace]
#0 C:/laragon/www/MARIKA_XIPPLG4_17_UAS_PORTOFOLIO/vendor/laravel/framework/src/Illuminate/Database/Connection.php(571): PDOStatement->execute()
#1 C:/laragon/www/MARIKA_XIPPLG4_17_UAS_PORTOFOLIO/vendor/laravel/framework/src/Illuminate/Database/Connection.php(812): Illuminate/Database/Connection->{closure:Illuminate/Database/Connection::statement():560}('create table `a...', Array)
#2 C:/laragon/www/MARIKA_XIPPLG4_17_UAS_PORTOFOLIO/vendor/laravel/framework/src/Illuminate/Database/Connection.php(779): Illuminate/Database/Connection->runQueryCallback('create table `a...', Array, Object(Closure))
#3 C:/laragon/www/MARIKA_XIPPLG4_17_UAS_PORTOFOLIO/vendor/laravel/framework/src/Illuminate/Database/Connection.php(560): Illuminate/Database/Connection->run('create table `a...', Array, Object(Closure))
#4 C:/laragon/www/MARIKA_XIPPLG4_17_UAS_PORTOFOLIO/vendor/laravel/framework/src/Illuminate/Database/Schema/Blueprint.php(118): Illuminate/Database/Connection->statement('create table `a...')
#5 C:/laragon/www/MARIKA_XIPPLG4_17_UAS_PORTOFOLIO/vendor/laravel/framework/src/Illuminate/Database/Schema/Builder.php(564): Illuminate/Database/Schema/Blueprint->build(Object(Illuminate/Database/MySqlConnection), Object(Illuminate/Database/Schema/Grammars/MySqlGrammar))
#6 C:/laragon/www/MARIKA_XIPPLG4_17_UAS_PORTOFOLIO/vendor/laravel/framework/src/Illuminate/Database/Schema/Builder.php(418): Illuminate/Database/Schema/Builder->build(Object(Illuminate/Database/Schema/Blueprint))
#7 C:/laragon/www/MARIKA_XIPPLG4_17_UAS_PORTOFOLIO/vendor/laravel/framework/src/Illuminate/Support/Facades/Facade.php(361): Illuminate/Database/Schema/Builder->create('abouts', Object(Closure))
#8 C:/laragon/www/MARIKA_XIPPLG4_17_UAS_PORTOFOLIO/database/migrations/2026_06_08_032951_create_abouts_table.php(14): Illuminate/Support/Facades/Facade::__callStatic('create', Array)
#9 C:/laragon/www/MARIKA_XIPPLG4_17_UAS_PORTOFOLIO/vendor/laravel/framework/src/Illuminate/Database/Migrations/Migrator.php(507): Illuminate/Database/Migrations/Migration@anonymous->up()
#10 C:/laragon/www/MARIKA_XIPPLG4_17_UAS_PORTOFOLIO/vendor/laravel/framework/src/Illuminate/Database/Migrations/Migrator.php(432): Illuminate/Database/Migrations/Migrator->runMethod(Object(Illuminate/Database/MySqlConnection), Object(Illuminate/Database/Migrations/Migration@anonymous), 'up')
#11 C:/laragon/www/MARIKA_XIPPLG4_17_UAS_PORTOFOLIO/vendor/laravel/framework/src/Illuminate/Database/Migrations/Migrator.php(441): Illuminate/Database/Migrations/Migrator->{closure:Illuminate/Database/Migrations/Migrator::runMigration():428}()
#12 C:/laragon/www/MARIKA_XIPPLG4_17_UAS_PORTOFOLIO/vendor/laravel/framework/src/Illuminate/Database/Migrations/Migrator.php(244): Illuminate/Database/Migrations/Migrator->runMigration(Object(Illuminate/Database/Migrations/Migration@anonymous), 'up')
#13 C:/laragon/www/MARIKA_XIPPLG4_17_UAS_PORTOFOLIO/vendor/laravel/framework/src/Illuminate/Console/View/Components/Task.php(40): Illuminate/Database/Migrations/Migrator->{closure:Illuminate/Database/Migrations/Migrator::runUp():244}()
#14 C:/laragon/www/MARIKA_XIPPLG4_17_UAS_PORTOFOLIO/vendor/laravel/framework/src/Illuminate/Database/Migrations/Migrator.php(798): Illuminate/Console/View/Components/Task->render('2026_06_08_0329...', Object(Closure))
#15 C:/laragon/www/MARIKA_XIPPLG4_17_UAS_PORTOFOLIO/vendor/laravel/framework/src/Illuminate/Database/Migrations/Migrator.php(244): Illuminate/Database/Migrations/Migrator->write('Illuminate//Cons...', '2026_06_08_0329...', Object(Closure))
#16 C:/laragon/www/MARIKA_XIPPLG4_17_UAS_PORTOFOLIO/vendor/laravel/framework/src/Illuminate/Database/Migrations/Migrator.php(211): Illuminate/Database/Migrations/Migrator->runUp('C://laragon//www//...', 1, false)
#17 C:/laragon/www/MARIKA_XIPPLG4_17_UAS_PORTOFOLIO/vendor/laravel/framework/src/Illuminate/Database/Migrations/Migrator.php(138): Illuminate/Database/Migrations/Migrator->runPending(Array, Array)
#18 C:/laragon/www/MARIKA_XIPPLG4_17_UAS_PORTOFOLIO/vendor/laravel/framework/src/Illuminate/Database/Console/Migrations/MigrateCommand.php(117): Illuminate/Database/Migrations/Migrator->run(Array, Array)
#19 C:/laragon/www/MARIKA_XIPPLG4_17_UAS_PORTOFOLIO/vendor/laravel/framework/src/Illuminate/Database/Migrations/Migrator.php(658): Illuminate/Database/Console/Migrations/MigrateCommand->{closure:Illuminate/Database/Console/Migrations/MigrateCommand::runMigrations():110}()
#20 C:/laragon/www/MARIKA_XIPPLG4_17_UAS_PORTOFOLIO/vendor/laravel/framework/src/Illuminate/Database/Console/Migrations/MigrateCommand.php(110): Illuminate/Database/Migrations/Migrator->usingConnection(NULL, Object(Closure))
#21 C:/laragon/www/MARIKA_XIPPLG4_17_UAS_PORTOFOLIO/vendor/laravel/framework/src/Illuminate/Database/Console/Migrations/MigrateCommand.php(89): Illuminate/Database/Console/Migrations/MigrateCommand->runMigrations()
#22 C:/laragon/www/MARIKA_XIPPLG4_17_UAS_PORTOFOLIO/vendor/laravel/framework/src/Illuminate/Container/BoundMethod.php(36): Illuminate/Database/Console/Migrations/MigrateCommand->handle()
#23 C:/laragon/www/MARIKA_XIPPLG4_17_UAS_PORTOFOLIO/vendor/laravel/framework/src/Illuminate/Container/Util.php(43): Illuminate/Container/BoundMethod::{closure:Illuminate/Container/BoundMethod::call():35}()
#24 C:/laragon/www/MARIKA_XIPPLG4_17_UAS_PORTOFOLIO/vendor/laravel/framework/src/Illuminate/Container/BoundMethod.php(95): Illuminate/Container/Util::unwrapIfClosure(Object(Closure))
#25 C:/laragon/www/MARIKA_XIPPLG4_17_UAS_PORTOFOLIO/vendor/laravel/framework/src/Illuminate/Container/BoundMethod.php(35): Illuminate/Container/BoundMethod::callBoundMethod(Object(Illuminate/Foundation/Application), Array, Object(Closure))
#26 C:/laragon/www/MARIKA_XIPPLG4_17_UAS_PORTOFOLIO/vendor/laravel/framework/src/Illuminate/Container/Container.php(696): Illuminate/Container/BoundMethod::call(Object(Illuminate/Foundation/Application), Array, Array, NULL)
#27 C:/laragon/www/MARIKA_XIPPLG4_17_UAS_PORTOFOLIO/vendor/laravel/framework/src/Illuminate/Console/Command.php(213): Illuminate/Container/Container->call(Array)
#28 C:/laragon/www/MARIKA_XIPPLG4_17_UAS_PORTOFOLIO/vendor/symfony/console/Command/Command.php(341): Illuminate/Console/Command->execute(Object(Symfony/Component/Console/Input/ArrayInput), Object(Illuminate/Console/OutputStyle))
#29 C:/laragon/www/MARIKA_XIPPLG4_17_UAS_PORTOFOLIO/vendor/laravel/framework/src/Illuminate/Console/Command.php(182): Symfony/Component/Console/Command/Command->run(Object(Symfony/Component/Console/Input/ArrayInput), Object(Illuminate/Console/OutputStyle))
#30 C:/laragon/www/MARIKA_XIPPLG4_17_UAS_PORTOFOLIO/vendor/laravel/framework/src/Illuminate/Console/Concerns/CallsCommands.php(68): Illuminate/Console/Command->run(Object(Symfony/Component/Console/Input/ArrayInput), Object(Illuminate/Console/OutputStyle))
#31 C:/laragon/www/MARIKA_XIPPLG4_17_UAS_PORTOFOLIO/vendor/laravel/framework/src/Illuminate/Console/Concerns/CallsCommands.php(29): Illuminate/Console/Command->runCommand('migrate', Array, Object(Illuminate/Console/OutputStyle))
#32 C:/laragon/www/MARIKA_XIPPLG4_17_UAS_PORTOFOLIO/vendor/laravel/framework/src/Illuminate/Database/Console/Migrations/FreshCommand.php(82): Illuminate/Console/Command->call('migrate', Array)
#33 C:/laragon/www/MARIKA_XIPPLG4_17_UAS_PORTOFOLIO/vendor/laravel/framework/src/Illuminate/Container/BoundMethod.php(36): Illuminate/Database/Console/Migrations/FreshCommand->handle()
#34 C:/laragon/www/MARIKA_XIPPLG4_17_UAS_PORTOFOLIO/vendor/laravel/framework/src/Illuminate/Container/Util.php(43): Illuminate/Container/BoundMethod::{closure:Illuminate/Container/BoundMethod::call():35}()
#35 C:/laragon/www/MARIKA_XIPPLG4_17_UAS_PORTOFOLIO/vendor/laravel/framework/src/Illuminate/Container/BoundMethod.php(95): Illuminate/Container/Util::unwrapIfClosure(Object(Closure))
#36 C:/laragon/www/MARIKA_XIPPLG4_17_UAS_PORTOFOLIO/vendor/laravel/framework/src/Illuminate/Container/BoundMethod.php(35): Illuminate/Container/BoundMethod::callBoundMethod(Object(Illuminate/Foundation/Application), Array, Object(Closure))
#37 C:/laragon/www/MARIKA_XIPPLG4_17_UAS_PORTOFOLIO/vendor/laravel/framework/src/Illuminate/Container/Container.php(696): Illuminate/Container/BoundMethod::call(Object(Illuminate/Foundation/Application), Array, Array, NULL)
#38 C:/laragon/www/MARIKA_XIPPLG4_17_UAS_PORTOFOLIO/vendor/laravel/framework/src/Illuminate/Console/Command.php(213): Illuminate/Container/Container->call(Array)
#39 C:/laragon/www/MARIKA_XIPPLG4_17_UAS_PORTOFOLIO/vendor/symfony/console/Command/Command.php(341): Illuminate/Console/Command->execute(Object(Symfony/Component/Console/Input/ArgvInput), Object(Illuminate/Console/OutputStyle))
#40 C:/laragon/www/MARIKA_XIPPLG4_17_UAS_PORTOFOLIO/vendor/laravel/framework/src/Illuminate/Console/Command.php(182): Symfony/Component/Console/Command/Command->run(Object(Symfony/Component/Console/Input/ArgvInput), Object(Illuminate/Console/OutputStyle))
#41 C:/laragon/www/MARIKA_XIPPLG4_17_UAS_PORTOFOLIO/vendor/symfony/console/Application.php(1117): Illuminate/Console/Command->run(Object(Symfony/Component/Console/Input/ArgvInput), Object(Symfony/Component/Console/Output/ConsoleOutput))
#42 C:/laragon/www/MARIKA_XIPPLG4_17_UAS_PORTOFOLIO/vendor/symfony/console/Application.php(356): Symfony/Component/Console/Application->doRunCommand(Object(Illuminate/Database/Console/Migrations/FreshCommand), Object(Symfony/Component/Console/Input/ArgvInput), Object(Symfony/Component/Console/Output/ConsoleOutput))
#43 C:/laragon/www/MARIKA_XIPPLG4_17_UAS_PORTOFOLIO/vendor/symfony/console/Application.php(195): Symfony/Component/Console/Application->doRun(Object(Symfony/Component/Console/Input/ArgvInput), Object(Symfony/Component/Console/Output/ConsoleOutput))
#44 C:/laragon/www/MARIKA_XIPPLG4_17_UAS_PORTOFOLIO/vendor/laravel/framework/src/Illuminate/Foundation/Console/Kernel.php(198): Symfony/Component/Console/Application->run(Object(Symfony/Component/Console/Input/ArgvInput), Object(Symfony/Component/Console/Output/ConsoleOutput))
#45 C:/laragon/www/MARIKA_XIPPLG4_17_UAS_PORTOFOLIO/vendor/laravel/framework/src/Illuminate/Foundation/Application.php(1235): Illuminate/Foundation/Console/Kernel->handle(Object(Symfony/Component/Console/Input/ArgvInput), Object(Symfony/Component/Console/Output/ConsoleOutput))
#46 C:/laragon/www/MARIKA_XIPPLG4_17_UAS_PORTOFOLIO/artisan(13): Illuminate/Foundation/Application->handleCommand(Object(Symfony/Component/Console/Input/ArgvInput))
#47 {main}
"} 
[2026-09-01 04:12:32] local.ERROR: SQLSTATE[42S01]: Base table or view already exists: 1050 Table 'contacts' already exists (Connection: mysql, SQL: create table `contacts` (`id` bigint unsigned not null auto_increment primary key, `created_at` timestamp null, `updated_at` timestamp null) default character set utf8mb4 collate 'utf8mb4_0900_ai_ci') {"exception":"[object] (Illuminate\\Database\\QueryException(code: 42S01): SQLSTATE[42S01]: Base table or view already exists: 1050 Table 'contacts' already exists (Connection: mysql, SQL: create table `contacts` (`id` bigint unsigned not null auto_increment primary key, `created_at` timestamp null, `updated_at` timestamp null) default character set utf8mb4 collate 'utf8mb4_0900_ai_ci') at C:/laragon/www/MARIKA_XIPPLG4_17_UAS_PORTOFOLIO/vendor/laravel/framework/src/Illuminate/Database/Connection.php:825)
[stacktrace]
#0 C:/laragon/www/MARIKA_XIPPLG4_17_UAS_PORTOFOLIO/vendor/laravel/framework/src/Illuminate/Database/Connection.php(779): Illuminate/Database/Connection->runQueryCallback('create table `c...', Array, Object(Closure))
#1 C:/laragon/www/MARIKA_XIPPLG4_17_UAS_PORTOFOLIO/vendor/laravel/framework/src/Illuminate/Database/Connection.php(560): Illuminate/Database/Connection->run('create table `c...', Array, Object(Closure))
#2 C:/laragon/www/MARIKA_XIPPLG4_17_UAS_PORTOFOLIO/vendor/laravel/framework/src/Illuminate/Database/Schema/Blueprint.php(118): Illuminate/Database/Connection->statement('create table `c...')
#3 C:/laragon/www/MARIKA_XIPPLG4_17_UAS_PORTOFOLIO/vendor/laravel/framework/src/Illuminate/Database/Schema/Builder.php(564): Illuminate/Database/Schema/Blueprint->build(Object(Illuminate/Database/MySqlConnection), Object(Illuminate/Database/Schema/Grammars/MySqlGrammar))
#4 C:/laragon/www/MARIKA_XIPPLG4_17_UAS_PORTOFOLIO/vendor/laravel/framework/src/Illuminate/Database/Schema/Builder.php(418): Illuminate/Database/Schema/Builder->build(Object(Illuminate/Database/Schema/Blueprint))
#5 C:/laragon/www/MARIKA_XIPPLG4_17_UAS_PORTOFOLIO/vendor/laravel/framework/src/Illuminate/Support/Facades/Facade.php(361): Illuminate/Database/Schema/Builder->create('contacts', Object(Closure))
#6 C:/laragon/www/MARIKA_XIPPLG4_17_UAS_PORTOFOLIO/database/migrations/2026_06_08_032951_create_contacts_table.php(14): Illuminate/Support/Facades/Facade::__callStatic('create', Array)
#7 C:/laragon/www/MARIKA_XIPPLG4_17_UAS_PORTOFOLIO/vendor/laravel/framework/src/Illuminate/Database/Migrations/Migrator.php(507): Illuminate/Database/Migrations/Migration@anonymous->up()
#8 C:/laragon/www/MARIKA_XIPPLG4_17_UAS_PORTOFOLIO/vendor/laravel/framework/src/Illuminate/Database/Migrations/Migrator.php(432): Illuminate/Database/Migrations/Migrator->runMethod(Object(Illuminate/Database/MySqlConnection), Object(Illuminate/Database/Migrations/Migration@anonymous), 'up')
#9 C:/laragon/www/MARIKA_XIPPLG4_17_UAS_PORTOFOLIO/vendor/laravel/framework/src/Illuminate/Database/Migrations/Migrator.php(441): Illuminate/Database/Migrations/Migrator->{closure:Illuminate/Database/Migrations/Migrator::runMigration():428}()
#10 C:/laragon/www/MARIKA_XIPPLG4_17_UAS_PORTOFOLIO/vendor/laravel/framework/src/Illuminate/Database/Migrations/Migrator.php(244): Illuminate/Database/Migrations/Migrator->runMigration(Object(Illuminate/Database/Migrations/Migration@anonymous), 'up')
#11 C:/laragon/www/MARIKA_XIPPLG4_17_UAS_PORTOFOLIO/vendor/laravel/framework/src/Illuminate/Console/View/Components/Task.php(40): Illuminate/Database/Migrations/Migrator->{closure:Illuminate/Database/Migrations/Migrator::runUp():244}()
#12 C:/laragon/www/MARIKA_XIPPLG4_17_UAS_PORTOFOLIO/vendor/laravel/framework/src/Illuminate/Database/Migrations/Migrator.php(798): Illuminate/Console/View/Components/Task->render('2026_06_08_0329...', Object(Closure))
#13 C:/laragon/www/MARIKA_XIPPLG4_17_UAS_PORTOFOLIO/vendor/laravel/framework/src/Illuminate/Database/Migrations/Migrator.php(244): Illuminate/Database/Migrations/Migrator->write('Illuminate//Cons...', '2026_06_08_0329...', Object(Closure))
#14 C:/laragon/www/MARIKA_XIPPLG4_17_UAS_PORTOFOLIO/vendor/laravel/framework/src/Illuminate/Database/Migrations/Migrator.php(211): Illuminate/Database/Migrations/Migrator->runUp('C://laragon//www//...', 1, false)
#15 C:/laragon/www/MARIKA_XIPPLG4_17_UAS_PORTOFOLIO/vendor/laravel/framework/src/Illuminate/Database/Migrations/Migrator.php(138): Illuminate/Database/Migrations/Migrator->runPending(Array, Array)
#16 C:/laragon/www/MARIKA_XIPPLG4_17_UAS_PORTOFOLIO/vendor/laravel/framework/src/Illuminate/Database/Console/Migrations/MigrateCommand.php(117): Illuminate/Database/Migrations/Migrator->run(Array, Array)
#17 C:/laragon/www/MARIKA_XIPPLG4_17_UAS_PORTOFOLIO/vendor/laravel/framework/src/Illuminate/Database/Migrations/Migrator.php(658): Illuminate/Database/Console/Migrations/MigrateCommand->{closure:Illuminate/Database/Console/Migrations/MigrateCommand::runMigrations():110}()
#18 C:/laragon/www/MARIKA_XIPPLG4_17_UAS_PORTOFOLIO/vendor/laravel/framework/src/Illuminate/Database/Console/Migrations/MigrateCommand.php(110): Illuminate/Database/Migrations/Migrator->usingConnection(NULL, Object(Closure))
#19 C:/laragon/www/MARIKA_XIPPLG4_17_UAS_PORTOFOLIO/vendor/laravel/framework/src/Illuminate/Database/Console/Migrations/MigrateCommand.php(89): Illuminate/Database/Console/Migrations/MigrateCommand->runMigrations()
#20 C:/laragon/www/MARIKA_XIPPLG4_17_UAS_PORTOFOLIO/vendor/laravel/framework/src/Illuminate/Container/BoundMethod.php(36): Illuminate/Database/Console/Migrations/MigrateCommand->handle()
#21 C:/laragon/www/MARIKA_XIPPLG4_17_UAS_PORTOFOLIO/vendor/laravel/framework/src/Illuminate/Container/Util.php(43): Illuminate/Container/BoundMethod::{closure:Illuminate/Container/BoundMethod::call():35}()
#22 C:/laragon/www/MARIKA_XIPPLG4_17_UAS_PORTOFOLIO/vendor/laravel/framework/src/Illuminate/Container/BoundMethod.php(95): Illuminate/Container/Util::unwrapIfClosure(Object(Closure))
#23 C:/laragon/www/MARIKA_XIPPLG4_17_UAS_PORTOFOLIO/vendor/laravel/framework/src/Illuminate/Container/BoundMethod.php(35): Illuminate/Container/BoundMethod::callBoundMethod(Object(Illuminate/Foundation/Application), Array, Object(Closure))
#24 C:/laragon/www/MARIKA_XIPPLG4_17_UAS_PORTOFOLIO/vendor/laravel/framework/src/Illuminate/Container/Container.php(696): Illuminate/Container/BoundMethod::call(Object(Illuminate/Foundation/Application), Array, Array, NULL)
#25 C:/laragon/www/MARIKA_XIPPLG4_17_UAS_PORTOFOLIO/vendor/laravel/framework/src/Illuminate/Console/Command.php(213): Illuminate/Container/Container->call(Array)
#26 C:/laragon/www/MARIKA_XIPPLG4_17_UAS_PORTOFOLIO/vendor/symfony/console/Command/Command.php(341): Illuminate/Console/Command->execute(Object(Symfony/Component/Console/Input/ArrayInput), Object(Illuminate/Console/OutputStyle))
#27 C:/laragon/www/MARIKA_XIPPLG4_17_UAS_PORTOFOLIO/vendor/laravel/framework/src/Illuminate/Console/Command.php(182): Symfony/Component/Console/Command/Command->run(Object(Symfony/Component/Console/Input/ArrayInput), Object(Illuminate/Console/OutputStyle))
#28 C:/laragon/www/MARIKA_XIPPLG4_17_UAS_PORTOFOLIO/vendor/laravel/framework/src/Illuminate/Console/Concerns/CallsCommands.php(68): Illuminate/Console/Command->run(Object(Symfony/Component/Console/Input/ArrayInput), Object(Illuminate/Console/OutputStyle))
#29 C:/laragon/www/MARIKA_XIPPLG4_17_UAS_PORTOFOLIO/vendor/laravel/framework/src/Illuminate/Console/Concerns/CallsCommands.php(29): Illuminate/Console/Command->runCommand('migrate', Array, Object(Illuminate/Console/OutputStyle))
#30 C:/laragon/www/MARIKA_XIPPLG4_17_UAS_PORTOFOLIO/vendor/laravel/framework/src/Illuminate/Database/Console/Migrations/FreshCommand.php(82): Illuminate/Console/Command->call('migrate', Array)
#31 C:/laragon/www/MARIKA_XIPPLG4_17_UAS_PORTOFOLIO/vendor/laravel/framework/src/Illuminate/Container/BoundMethod.php(36): Illuminate/Database/Console/Migrations/FreshCommand->handle()
#32 C:/laragon/www/MARIKA_XIPPLG4_17_UAS_PORTOFOLIO/vendor/laravel/framework/src/Illuminate/Container/Util.php(43): Illuminate/Container/BoundMethod::{closure:Illuminate/Container/BoundMethod::call():35}()
#33 C:/laragon/www/MARIKA_XIPPLG4_17_UAS_PORTOFOLIO/vendor/laravel/framework/src/Illuminate/Container/BoundMethod.php(95): Illuminate/Container/Util::unwrapIfClosure(Object(Closure))
#34 C:/laragon/www/MARIKA_XIPPLG4_17_UAS_PORTOFOLIO/vendor/laravel/framework/src/Illuminate/Container/BoundMethod.php(35): Illuminate/Container/BoundMethod::callBoundMethod(Object(Illuminate/Foundation/Application), Array, Object(Closure))
#35 C:/laragon/www/MARIKA_XIPPLG4_17_UAS_PORTOFOLIO/vendor/laravel/framework/src/Illuminate/Container/Container.php(696): Illuminate/Container/BoundMethod::call(Object(Illuminate/Foundation/Application), Array, Array, NULL)
#36 C:/laragon/www/MARIKA_XIPPLG4_17_UAS_PORTOFOLIO/vendor/laravel/framework/src/Illuminate/Console/Command.php(213): Illuminate/Container/Container->call(Array)
#37 C:/laragon/www/MARIKA_XIPPLG4_17_UAS_PORTOFOLIO/vendor/symfony/console/Command/Command.php(341): Illuminate/Console/Command->execute(Object(Symfony/Component/Console/Input/ArgvInput), Object(Illuminate/Console/OutputStyle))
#38 C:/laragon/www/MARIKA_XIPPLG4_17_UAS_PORTOFOLIO/vendor/laravel/framework/src/Illuminate/Console/Command.php(182): Symfony/Component/Console/Command/Command->run(Object(Symfony/Component/Console/Input/ArgvInput), Object(Illuminate/Console/OutputStyle))
#39 C:/laragon/www/MARIKA_XIPPLG4_17_UAS_PORTOFOLIO/vendor/symfony/console/Application.php(1117): Illuminate/Console/Command->run(Object(Symfony/Component/Console/Input/ArgvInput), Object(Symfony/Component/Console/Output/ConsoleOutput))
#40 C:/laragon/www/MARIKA_XIPPLG4_17_UAS_PORTOFOLIO/vendor/symfony/console/Application.php(356): Symfony/Component/Console/Application->doRunCommand(Object(Illuminate/Database/Console/Migrations/FreshCommand), Object(Symfony/Component/Console/Input/ArgvInput), Object(Symfony/Component/Console/Output/ConsoleOutput))
#41 C:/laragon/www/MARIKA_XIPPLG4_17_UAS_PORTOFOLIO/vendor/symfony/console/Application.php(195): Symfony/Component/Console/Application->doRun(Object(Symfony/Component/Console/Input/ArgvInput), Object(Symfony/Component/Console/Output/ConsoleOutput))
#42 C:/laragon/www/MARIKA_XIPPLG4_17_UAS_PORTOFOLIO/vendor/laravel/framework/src/Illuminate/Foundation/Console/Kernel.php(198): Symfony/Component/Console/Application->run(Object(Symfony/Component/Console/Input/ArgvInput), Object(Symfony/Component/Console/Output/ConsoleOutput))
#43 C:/laragon/www/MARIKA_XIPPLG4_17_UAS_PORTOFOLIO/vendor/laravel/framework/src/Illuminate/Foundation/Application.php(1235): Illuminate/Foundation/Console/Kernel->handle(Object(Symfony/Component/Console/Input/ArgvInput), Object(Symfony/Component/Console/Output/ConsoleOutput))
#44 C:/laragon/www/MARIKA_XIPPLG4_17_UAS_PORTOFOLIO/artisan(13): Illuminate/Foundation/Application->handleCommand(Object(Symfony/Component/Console/Input/ArgvInput))
#45 {main}

[previous exception] [object] (PDOException(code: 42S01): SQLSTATE[42S01]: Base table or view already exists: 1050 Table 'contacts' already exists at C:/laragon/www/MARIKA_XIPPLG4_17_UAS_PORTOFOLIO/vendor/laravel/framework/src/Illuminate/Database/Connection.php:571)
[stacktrace]
#0 C:/laragon/www/MARIKA_XIPPLG4_17_UAS_PORTOFOLIO/vendor/laravel/framework/src/Illuminate/Database/Connection.php(571): PDOStatement->execute()
#1 C:/laragon/www/MARIKA_XIPPLG4_17_UAS_PORTOFOLIO/vendor/laravel/framework/src/Illuminate/Database/Connection.php(812): Illuminate/Database/Connection->{closure:Illuminate/Database/Connection::statement():560}('create table `c...', Array)
#2 C:/laragon/www/MARIKA_XIPPLG4_17_UAS_PORTOFOLIO/vendor/laravel/framework/src/Illuminate/Database/Connection.php(779): Illuminate/Database/Connection->runQueryCallback('create table `c...', Array, Object(Closure))
#3 C:/laragon/www/MARIKA_XIPPLG4_17_UAS_PORTOFOLIO/vendor/laravel/framework/src/Illuminate/Database/Connection.php(560): Illuminate/Database/Connection->run('create table `c...', Array, Object(Closure))
#4 C:/laragon/www/MARIKA_XIPPLG4_17_UAS_PORTOFOLIO/vendor/laravel/framework/src/Illuminate/Database/Schema/Blueprint.php(118): Illuminate/Database/Connection->statement('create table `c...')
#5 C:/laragon/www/MARIKA_XIPPLG4_17_UAS_PORTOFOLIO/vendor/laravel/framework/src/Illuminate/Database/Schema/Builder.php(564): Illuminate/Database/Schema/Blueprint->build(Object(Illuminate/Database/MySqlConnection), Object(Illuminate/Database/Schema/Grammars/MySqlGrammar))
#6 C:/laragon/www/MARIKA_XIPPLG4_17_UAS_PORTOFOLIO/vendor/laravel/framework/src/Illuminate/Database/Schema/Builder.php(418): Illuminate/Database/Schema/Builder->build(Object(Illuminate/Database/Schema/Blueprint))
#7 C:/laragon/www/MARIKA_XIPPLG4_17_UAS_PORTOFOLIO/vendor/laravel/framework/src/Illuminate/Support/Facades/Facade.php(361): Illuminate/Database/Schema/Builder->create('contacts', Object(Closure))
#8 C:/laragon/www/MARIKA_XIPPLG4_17_UAS_PORTOFOLIO/database/migrations/2026_06_08_032951_create_contacts_table.php(14): Illuminate/Support/Facades/Facade::__callStatic('create', Array)
#9 C:/laragon/www/MARIKA_XIPPLG4_17_UAS_PORTOFOLIO/vendor/laravel/framework/src/Illuminate/Database/Migrations/Migrator.php(507): Illuminate/Database/Migrations/Migration@anonymous->up()
#10 C:/laragon/www/MARIKA_XIPPLG4_17_UAS_PORTOFOLIO/vendor/laravel/framework/src/Illuminate/Database/Migrations/Migrator.php(432): Illuminate/Database/Migrations/Migrator->runMethod(Object(Illuminate/Database/MySqlConnection), Object(Illuminate/Database/Migrations/Migration@anonymous), 'up')
#11 C:/laragon/www/MARIKA_XIPPLG4_17_UAS_PORTOFOLIO/vendor/laravel/framework/src/Illuminate/Database/Migrations/Migrator.php(441): Illuminate/Database/Migrations/Migrator->{closure:Illuminate/Database/Migrations/Migrator::runMigration():428}()
#12 C:/laragon/www/MARIKA_XIPPLG4_17_UAS_PORTOFOLIO/vendor/laravel/framework/src/Illuminate/Database/Migrations/Migrator.php(244): Illuminate/Database/Migrations/Migrator->runMigration(Object(Illuminate/Database/Migrations/Migration@anonymous), 'up')
#13 C:/laragon/www/MARIKA_XIPPLG4_17_UAS_PORTOFOLIO/vendor/laravel/framework/src/Illuminate/Console/View/Components/Task.php(40): Illuminate/Database/Migrations/Migrator->{closure:Illuminate/Database/Migrations/Migrator::runUp():244}()
#14 C:/laragon/www/MARIKA_XIPPLG4_17_UAS_PORTOFOLIO/vendor/laravel/framework/src/Illuminate/Database/Migrations/Migrator.php(798): Illuminate/Console/View/Components/Task->render('2026_06_08_0329...', Object(Closure))
#15 C:/laragon/www/MARIKA_XIPPLG4_17_UAS_PORTOFOLIO/vendor/laravel/framework/src/Illuminate/Database/Migrations/Migrator.php(244): Illuminate/Database/Migrations/Migrator->write('Illuminate//Cons...', '2026_06_08_0329...', Object(Closure))
#16 C:/laragon/www/MARIKA_XIPPLG4_17_UAS_PORTOFOLIO/vendor/laravel/framework/src/Illuminate/Database/Migrations/Migrator.php(211): Illuminate/Database/Migrations/Migrator->runUp('C://laragon//www//...', 1, false)
#17 C:/laragon/www/MARIKA_XIPPLG4_17_UAS_PORTOFOLIO/vendor/laravel/framework/src/Illuminate/Database/Migrations/Migrator.php(138): Illuminate/Database/Migrations/Migrator->runPending(Array, Array)
#18 C:/laragon/www/MARIKA_XIPPLG4_17_UAS_PORTOFOLIO/vendor/laravel/framework/src/Illuminate/Database/Console/Migrations/MigrateCommand.php(117): Illuminate/Database/Migrations/Migrator->run(Array, Array)
#19 C:/laragon/www/MARIKA_XIPPLG4_17_UAS_PORTOFOLIO/vendor/laravel/framework/src/Illuminate/Database/Migrations/Migrator.php(658): Illuminate/Database/Console/Migrations/MigrateCommand->{closure:Illuminate/Database/Console/Migrations/MigrateCommand::runMigrations():110}()
#20 C:/laragon/www/MARIKA_XIPPLG4_17_UAS_PORTOFOLIO/vendor/laravel/framework/src/Illuminate/Database/Console/Migrations/MigrateCommand.php(110): Illuminate/Database/Migrations/Migrator->usingConnection(NULL, Object(Closure))
#21 C:/laragon/www/MARIKA_XIPPLG4_17_UAS_PORTOFOLIO/vendor/laravel/framework/src/Illuminate/Database/Console/Migrations/MigrateCommand.php(89): Illuminate/Database/Console/Migrations/MigrateCommand->runMigrations()
#22 C:/laragon/www/MARIKA_XIPPLG4_17_UAS_PORTOFOLIO/vendor/laravel/framework/src/Illuminate/Container/BoundMethod.php(36): Illuminate/Database/Console/Migrations/MigrateCommand->handle()
#23 C:/laragon/www/MARIKA_XIPPLG4_17_UAS_PORTOFOLIO/vendor/laravel/framework/src/Illuminate/Container/Util.php(43): Illuminate/Container/BoundMethod::{closure:Illuminate/Container/BoundMethod::call():35}()
#24 C:/laragon/www/MARIKA_XIPPLG4_17_UAS_PORTOFOLIO/vendor/laravel/framework/src/Illuminate/Container/BoundMethod.php(95): Illuminate/Container/Util::unwrapIfClosure(Object(Closure))
#25 C:/laragon/www/MARIKA_XIPPLG4_17_UAS_PORTOFOLIO/vendor/laravel/framework/src/Illuminate/Container/BoundMethod.php(35): Illuminate/Container/BoundMethod::callBoundMethod(Object(Illuminate/Foundation/Application), Array, Object(Closure))
#26 C:/laragon/www/MARIKA_XIPPLG4_17_UAS_PORTOFOLIO/vendor/laravel/framework/src/Illuminate/Container/Container.php(696): Illuminate/Container/BoundMethod::call(Object(Illuminate/Foundation/Application), Array, Array, NULL)
#27 C:/laragon/www/MARIKA_XIPPLG4_17_UAS_PORTOFOLIO/vendor/laravel/framework/src/Illuminate/Console/Command.php(213): Illuminate/Container/Container->call(Array)
#28 C:/laragon/www/MARIKA_XIPPLG4_17_UAS_PORTOFOLIO/vendor/symfony/console/Command/Command.php(341): Illuminate/Console/Command->execute(Object(Symfony/Component/Console/Input/ArrayInput), Object(Illuminate/Console/OutputStyle))
#29 C:/laragon/www/MARIKA_XIPPLG4_17_UAS_PORTOFOLIO/vendor/laravel/framework/src/Illuminate/Console/Command.php(182): Symfony/Component/Console/Command/Command->run(Object(Symfony/Component/Console/Input/ArrayInput), Object(Illuminate/Console/OutputStyle))
#30 C:/laragon/www/MARIKA_XIPPLG4_17_UAS_PORTOFOLIO/vendor/laravel/framework/src/Illuminate/Console/Concerns/CallsCommands.php(68): Illuminate/Console/Command->run(Object(Symfony/Component/Console/Input/ArrayInput), Object(Illuminate/Console/OutputStyle))
#31 C:/laragon/www/MARIKA_XIPPLG4_17_UAS_PORTOFOLIO/vendor/laravel/framework/src/Illuminate/Console/Concerns/CallsCommands.php(29): Illuminate/Console/Command->runCommand('migrate', Array, Object(Illuminate/Console/OutputStyle))
#32 C:/laragon/www/MARIKA_XIPPLG4_17_UAS_PORTOFOLIO/vendor/laravel/framework/src/Illuminate/Database/Console/Migrations/FreshCommand.php(82): Illuminate/Console/Command->call('migrate', Array)
#33 C:/laragon/www/MARIKA_XIPPLG4_17_UAS_PORTOFOLIO/vendor/laravel/framework/src/Illuminate/Container/BoundMethod.php(36): Illuminate/Database/Console/Migrations/FreshCommand->handle()
#34 C:/laragon/www/MARIKA_XIPPLG4_17_UAS_PORTOFOLIO/vendor/laravel/framework/src/Illuminate/Container/Util.php(43): Illuminate/Container/BoundMethod::{closure:Illuminate/Container/BoundMethod::call():35}()
#35 C:/laragon/www/MARIKA_XIPPLG4_17_UAS_PORTOFOLIO/vendor/laravel/framework/src/Illuminate/Container/BoundMethod.php(95): Illuminate/Container/Util::unwrapIfClosure(Object(Closure))
#36 C:/laragon/www/MARIKA_XIPPLG4_17_UAS_PORTOFOLIO/vendor/laravel/framework/src/Illuminate/Container/BoundMethod.php(35): Illuminate/Container/BoundMethod::callBoundMethod(Object(Illuminate/Foundation/Application), Array, Object(Closure))
#37 C:/laragon/www/MARIKA_XIPPLG4_17_UAS_PORTOFOLIO/vendor/laravel/framework/src/Illuminate/Container/Container.php(696): Illuminate/Container/BoundMethod::call(Object(Illuminate/Foundation/Application), Array, Array, NULL)
#38 C:/laragon/www/MARIKA_XIPPLG4_17_UAS_PORTOFOLIO/vendor/laravel/framework/src/Illuminate/Console/Command.php(213): Illuminate/Container/Container->call(Array)
#39 C:/laragon/www/MARIKA_XIPPLG4_17_UAS_PORTOFOLIO/vendor/symfony/console/Command/Command.php(341): Illuminate/Console/Command->execute(Object(Symfony/Component/Console/Input/ArgvInput), Object(Illuminate/Console/OutputStyle))
#40 C:/laragon/www/MARIKA_XIPPLG4_17_UAS_PORTOFOLIO/vendor/laravel/framework/src/Illuminate/Console/Command.php(182): Symfony/Component/Console/Command/Command->run(Object(Symfony/Component/Console/Input/ArgvInput), Object(Illuminate/Console/OutputStyle))
#41 C:/laragon/www/MARIKA_XIPPLG4_17_UAS_PORTOFOLIO/vendor/symfony/console/Application.php(1117): Illuminate/Console/Command->run(Object(Symfony/Component/Console/Input/ArgvInput), Object(Symfony/Component/Console/Output/ConsoleOutput))
#42 C:/laragon/www/MARIKA_XIPPLG4_17_UAS_PORTOFOLIO/vendor/symfony/console/Application.php(356): Symfony/Component/Console/Application->doRunCommand(Object(Illuminate/Database/Console/Migrations/FreshCommand), Object(Symfony/Component/Console/Input/ArgvInput), Object(Symfony/Component/Console/Output/ConsoleOutput))
#43 C:/laragon/www/MARIKA_XIPPLG4_17_UAS_PORTOFOLIO/vendor/symfony/console/Application.php(195): Symfony/Component/Console/Application->doRun(Object(Symfony/Component/Console/Input/ArgvInput), Object(Symfony/Component/Console/Output/ConsoleOutput))
#44 C:/laragon/www/MARIKA_XIPPLG4_17_UAS_PORTOFOLIO/vendor/laravel/framework/src/Illuminate/Foundation/Console/Kernel.php(198): Symfony/Component/Console/Application->run(Object(Symfony/Component/Console/Input/ArgvInput), Object(Symfony/Component/Console/Output/ConsoleOutput))
#45 C:/laragon/www/MARIKA_XIPPLG4_17_UAS_PORTOFOLIO/vendor/laravel/framework/src/Illuminate/Foundation/Application.php(1235): Illuminate/Foundation/Console/Kernel->handle(Object(Symfony/Component/Console/Input/ArgvInput), Object(Symfony/Component/Console/Output/ConsoleOutput))
#46 C:/laragon/www/MARIKA_XIPPLG4_17_UAS_PORTOFOLIO/artisan(13): Illuminate/Foundation/Application->handleCommand(Object(Symfony/Component/Console/Input/ArgvInput))
#47 {main}
"} 
[2026-09-01 04:14:21] local.ERROR: SQLSTATE[42S01]: Base table or view already exists: 1050 Table 'experiences' already exists (Connection: mysql, SQL: create table `experiences` (`id` bigint unsigned not null auto_increment primary key, `created_at` timestamp null, `updated_at` timestamp null) default character set utf8mb4 collate 'utf8mb4_0900_ai_ci') {"exception":"[object] (Illuminate\\Database\\QueryException(code: 42S01): SQLSTATE[42S01]: Base table or view already exists: 1050 Table 'experiences' already exists (Connection: mysql, SQL: create table `experiences` (`id` bigint unsigned not null auto_increment primary key, `created_at` timestamp null, `updated_at` timestamp null) default character set utf8mb4 collate 'utf8mb4_0900_ai_ci') at C:/laragon/www/MARIKA_XIPPLG4_17_UAS_PORTOFOLIO/vendor/laravel/framework/src/Illuminate/Database/Connection.php:825)
[stacktrace]
#0 C:/laragon/www/MARIKA_XIPPLG4_17_UAS_PORTOFOLIO/vendor/laravel/framework/src/Illuminate/Database/Connection.php(779): Illuminate/Database/Connection->runQueryCallback('create table `e...', Array, Object(Closure))
#1 C:/laragon/www/MARIKA_XIPPLG4_17_UAS_PORTOFOLIO/vendor/laravel/framework/src/Illuminate/Database/Connection.php(560): Illuminate/Database/Connection->run('create table `e...', Array, Object(Closure))
#2 C:/laragon/www/MARIKA_XIPPLG4_17_UAS_PORTOFOLIO/vendor/laravel/framework/src/Illuminate/Database/Schema/Blueprint.php(118): Illuminate/Database/Connection->statement('create table `e...')
#3 C:/laragon/www/MARIKA_XIPPLG4_17_UAS_PORTOFOLIO/vendor/laravel/framework/src/Illuminate/Database/Schema/Builder.php(564): Illuminate/Database/Schema/Blueprint->build(Object(Illuminate/Database/MySqlConnection), Object(Illuminate/Database/Schema/Grammars/MySqlGrammar))
#4 C:/laragon/www/MARIKA_XIPPLG4_17_UAS_PORTOFOLIO/vendor/laravel/framework/src/Illuminate/Database/Schema/Builder.php(418): Illuminate/Database/Schema/Builder->build(Object(Illuminate/Database/Schema/Blueprint))
#5 C:/laragon/www/MARIKA_XIPPLG4_17_UAS_PORTOFOLIO/vendor/laravel/framework/src/Illuminate/Support/Facades/Facade.php(361): Illuminate/Database/Schema/Builder->create('experiences', Object(Closure))
#6 C:/laragon/www/MARIKA_XIPPLG4_17_UAS_PORTOFOLIO/database/migrations/2026_06_08_032952_create_experiences_table.php(14): Illuminate/Support/Facades/Facade::__callStatic('create', Array)
#7 C:/laragon/www/MARIKA_XIPPLG4_17_UAS_PORTOFOLIO/vendor/laravel/framework/src/Illuminate/Database/Migrations/Migrator.php(507): Illuminate/Database/Migrations/Migration@anonymous->up()
#8 C:/laragon/www/MARIKA_XIPPLG4_17_UAS_PORTOFOLIO/vendor/laravel/framework/src/Illuminate/Database/Migrations/Migrator.php(432): Illuminate/Database/Migrations/Migrator->runMethod(Object(Illuminate/Database/MySqlConnection), Object(Illuminate/Database/Migrations/Migration@anonymous), 'up')
#9 C:/laragon/www/MARIKA_XIPPLG4_17_UAS_PORTOFOLIO/vendor/laravel/framework/src/Illuminate/Database/Migrations/Migrator.php(441): Illuminate/Database/Migrations/Migrator->{closure:Illuminate/Database/Migrations/Migrator::runMigration():428}()
#10 C:/laragon/www/MARIKA_XIPPLG4_17_UAS_PORTOFOLIO/vendor/laravel/framework/src/Illuminate/Database/Migrations/Migrator.php(244): Illuminate/Database/Migrations/Migrator->runMigration(Object(Illuminate/Database/Migrations/Migration@anonymous), 'up')
#11 C:/laragon/www/MARIKA_XIPPLG4_17_UAS_PORTOFOLIO/vendor/laravel/framework/src/Illuminate/Console/View/Components/Task.php(40): Illuminate/Database/Migrations/Migrator->{closure:Illuminate/Database/Migrations/Migrator::runUp():244}()
#12 C:/laragon/www/MARIKA_XIPPLG4_17_UAS_PORTOFOLIO/vendor/laravel/framework/src/Illuminate/Database/Migrations/Migrator.php(798): Illuminate/Console/View/Components/Task->render('2026_06_08_0329...', Object(Closure))
#13 C:/laragon/www/MARIKA_XIPPLG4_17_UAS_PORTOFOLIO/vendor/laravel/framework/src/Illuminate/Database/Migrations/Migrator.php(244): Illuminate/Database/Migrations/Migrator->write('Illuminate//Cons...', '2026_06_08_0329...', Object(Closure))
#14 C:/laragon/www/MARIKA_XIPPLG4_17_UAS_PORTOFOLIO/vendor/laravel/framework/src/Illuminate/Database/Migrations/Migrator.php(211): Illuminate/Database/Migrations/Migrator->runUp('C://laragon//www//...', 1, false)
#15 C:/laragon/www/MARIKA_XIPPLG4_17_UAS_PORTOFOLIO/vendor/laravel/framework/src/Illuminate/Database/Migrations/Migrator.php(138): Illuminate/Database/Migrations/Migrator->runPending(Array, Array)
#16 C:/laragon/www/MARIKA_XIPPLG4_17_UAS_PORTOFOLIO/vendor/laravel/framework/src/Illuminate/Database/Console/Migrations/MigrateCommand.php(117): Illuminate/Database/Migrations/Migrator->run(Array, Array)
#17 C:/laragon/www/MARIKA_XIPPLG4_17_UAS_PORTOFOLIO/vendor/laravel/framework/src/Illuminate/Database/Migrations/Migrator.php(658): Illuminate/Database/Console/Migrations/MigrateCommand->{closure:Illuminate/Database/Console/Migrations/MigrateCommand::runMigrations():110}()
#18 C:/laragon/www/MARIKA_XIPPLG4_17_UAS_PORTOFOLIO/vendor/laravel/framework/src/Illuminate/Database/Console/Migrations/MigrateCommand.php(110): Illuminate/Database/Migrations/Migrator->usingConnection(NULL, Object(Closure))
#19 C:/laragon/www/MARIKA_XIPPLG4_17_UAS_PORTOFOLIO/vendor/laravel/framework/src/Illuminate/Database/Console/Migrations/MigrateCommand.php(89): Illuminate/Database/Console/Migrations/MigrateCommand->runMigrations()
#20 C:/laragon/www/MARIKA_XIPPLG4_17_UAS_PORTOFOLIO/vendor/laravel/framework/src/Illuminate/Container/BoundMethod.php(36): Illuminate/Database/Console/Migrations/MigrateCommand->handle()
#21 C:/laragon/www/MARIKA_XIPPLG4_17_UAS_PORTOFOLIO/vendor/laravel/framework/src/Illuminate/Container/Util.php(43): Illuminate/Container/BoundMethod::{closure:Illuminate/Container/BoundMethod::call():35}()
#22 C:/laragon/www/MARIKA_XIPPLG4_17_UAS_PORTOFOLIO/vendor/laravel/framework/src/Illuminate/Container/BoundMethod.php(95): Illuminate/Container/Util::unwrapIfClosure(Object(Closure))
#23 C:/laragon/www/MARIKA_XIPPLG4_17_UAS_PORTOFOLIO/vendor/laravel/framework/src/Illuminate/Container/BoundMethod.php(35): Illuminate/Container/BoundMethod::callBoundMethod(Object(Illuminate/Foundation/Application), Array, Object(Closure))
#24 C:/laragon/www/MARIKA_XIPPLG4_17_UAS_PORTOFOLIO/vendor/laravel/framework/src/Illuminate/Container/Container.php(696): Illuminate/Container/BoundMethod::call(Object(Illuminate/Foundation/Application), Array, Array, NULL)
#25 C:/laragon/www/MARIKA_XIPPLG4_17_UAS_PORTOFOLIO/vendor/laravel/framework/src/Illuminate/Console/Command.php(213): Illuminate/Container/Container->call(Array)
#26 C:/laragon/www/MARIKA_XIPPLG4_17_UAS_PORTOFOLIO/vendor/symfony/console/Command/Command.php(341): Illuminate/Console/Command->execute(Object(Symfony/Component/Console/Input/ArrayInput), Object(Illuminate/Console/OutputStyle))
#27 C:/laragon/www/MARIKA_XIPPLG4_17_UAS_PORTOFOLIO/vendor/laravel/framework/src/Illuminate/Console/Command.php(182): Symfony/Component/Console/Command/Command->run(Object(Symfony/Component/Console/Input/ArrayInput), Object(Illuminate/Console/OutputStyle))
#28 C:/laragon/www/MARIKA_XIPPLG4_17_UAS_PORTOFOLIO/vendor/laravel/framework/src/Illuminate/Console/Concerns/CallsCommands.php(68): Illuminate/Console/Command->run(Object(Symfony/Component/Console/Input/ArrayInput), Object(Illuminate/Console/OutputStyle))
#29 C:/laragon/www/MARIKA_XIPPLG4_17_UAS_PORTOFOLIO/vendor/laravel/framework/src/Illuminate/Console/Concerns/CallsCommands.php(29): Illuminate/Console/Command->runCommand('migrate', Array, Object(Illuminate/Console/OutputStyle))
#30 C:/laragon/www/MARIKA_XIPPLG4_17_UAS_PORTOFOLIO/vendor/laravel/framework/src/Illuminate/Database/Console/Migrations/FreshCommand.php(82): Illuminate/Console/Command->call('migrate', Array)
#31 C:/laragon/www/MARIKA_XIPPLG4_17_UAS_PORTOFOLIO/vendor/laravel/framework/src/Illuminate/Container/BoundMethod.php(36): Illuminate/Database/Console/Migrations/FreshCommand->handle()
#32 C:/laragon/www/MARIKA_XIPPLG4_17_UAS_PORTOFOLIO/vendor/laravel/framework/src/Illuminate/Container/Util.php(43): Illuminate/Container/BoundMethod::{closure:Illuminate/Container/BoundMethod::call():35}()
#33 C:/laragon/www/MARIKA_XIPPLG4_17_UAS_PORTOFOLIO/vendor/laravel/framework/src/Illuminate/Container/BoundMethod.php(95): Illuminate/Container/Util::unwrapIfClosure(Object(Closure))
#34 C:/laragon/www/MARIKA_XIPPLG4_17_UAS_PORTOFOLIO/vendor/laravel/framework/src/Illuminate/Container/BoundMethod.php(35): Illuminate/Container/BoundMethod::callBoundMethod(Object(Illuminate/Foundation/Application), Array, Object(Closure))
#35 C:/laragon/www/MARIKA_XIPPLG4_17_UAS_PORTOFOLIO/vendor/laravel/framework/src/Illuminate/Container/Container.php(696): Illuminate/Container/BoundMethod::call(Object(Illuminate/Foundation/Application), Array, Array, NULL)
#36 C:/laragon/www/MARIKA_XIPPLG4_17_UAS_PORTOFOLIO/vendor/laravel/framework/src/Illuminate/Console/Command.php(213): Illuminate/Container/Container->call(Array)
#37 C:/laragon/www/MARIKA_XIPPLG4_17_UAS_PORTOFOLIO/vendor/symfony/console/Command/Command.php(341): Illuminate/Console/Command->execute(Object(Symfony/Component/Console/Input/ArgvInput), Object(Illuminate/Console/OutputStyle))
#38 C:/laragon/www/MARIKA_XIPPLG4_17_UAS_PORTOFOLIO/vendor/laravel/framework/src/Illuminate/Console/Command.php(182): Symfony/Component/Console/Command/Command->run(Object(Symfony/Component/Console/Input/ArgvInput), Object(Illuminate/Console/OutputStyle))
#39 C:/laragon/www/MARIKA_XIPPLG4_17_UAS_PORTOFOLIO/vendor/symfony/console/Application.php(1117): Illuminate/Console/Command->run(Object(Symfony/Component/Console/Input/ArgvInput), Object(Symfony/Component/Console/Output/ConsoleOutput))
#40 C:/laragon/www/MARIKA_XIPPLG4_17_UAS_PORTOFOLIO/vendor/symfony/console/Application.php(356): Symfony/Component/Console/Application->doRunCommand(Object(Illuminate/Database/Console/Migrations/FreshCommand), Object(Symfony/Component/Console/Input/ArgvInput), Object(Symfony/Component/Console/Output/ConsoleOutput))
#41 C:/laragon/www/MARIKA_XIPPLG4_17_UAS_PORTOFOLIO/vendor/symfony/console/Application.php(195): Symfony/Component/Console/Application->doRun(Object(Symfony/Component/Console/Input/ArgvInput), Object(Symfony/Component/Console/Output/ConsoleOutput))
#42 C:/laragon/www/MARIKA_XIPPLG4_17_UAS_PORTOFOLIO/vendor/laravel/framework/src/Illuminate/Foundation/Console/Kernel.php(198): Symfony/Component/Console/Application->run(Object(Symfony/Component/Console/Input/ArgvInput), Object(Symfony/Component/Console/Output/ConsoleOutput))
#43 C:/laragon/www/MARIKA_XIPPLG4_17_UAS_PORTOFOLIO/vendor/laravel/framework/src/Illuminate/Foundation/Application.php(1235): Illuminate/Foundation/Console/Kernel->handle(Object(Symfony/Component/Console/Input/ArgvInput), Object(Symfony/Component/Console/Output/ConsoleOutput))
#44 C:/laragon/www/MARIKA_XIPPLG4_17_UAS_PORTOFOLIO/artisan(13): Illuminate/Foundation/Application->handleCommand(Object(Symfony/Component/Console/Input/ArgvInput))
#45 {main}

[previous exception] [object] (PDOException(code: 42S01): SQLSTATE[42S01]: Base table or view already exists: 1050 Table 'experiences' already exists at C:/laragon/www/MARIKA_XIPPLG4_17_UAS_PORTOFOLIO/vendor/laravel/framework/src/Illuminate/Database/Connection.php:571)
[stacktrace]
#0 C:/laragon/www/MARIKA_XIPPLG4_17_UAS_PORTOFOLIO/vendor/laravel/framework/src/Illuminate/Database/Connection.php(571): PDOStatement->execute()
#1 C:/laragon/www/MARIKA_XIPPLG4_17_UAS_PORTOFOLIO/vendor/laravel/framework/src/Illuminate/Database/Connection.php(812): Illuminate/Database/Connection->{closure:Illuminate/Database/Connection::statement():560}('create table `e...', Array)
#2 C:/laragon/www/MARIKA_XIPPLG4_17_UAS_PORTOFOLIO/vendor/laravel/framework/src/Illuminate/Database/Connection.php(779): Illuminate/Database/Connection->runQueryCallback('create table `e...', Array, Object(Closure))
#3 C:/laragon/www/MARIKA_XIPPLG4_17_UAS_PORTOFOLIO/vendor/laravel/framework/src/Illuminate/Database/Connection.php(560): Illuminate/Database/Connection->run('create table `e...', Array, Object(Closure))
#4 C:/laragon/www/MARIKA_XIPPLG4_17_UAS_PORTOFOLIO/vendor/laravel/framework/src/Illuminate/Database/Schema/Blueprint.php(118): Illuminate/Database/Connection->statement('create table `e...')
#5 C:/laragon/www/MARIKA_XIPPLG4_17_UAS_PORTOFOLIO/vendor/laravel/framework/src/Illuminate/Database/Schema/Builder.php(564): Illuminate/Database/Schema/Blueprint->build(Object(Illuminate/Database/MySqlConnection), Object(Illuminate/Database/Schema/Grammars/MySqlGrammar))
#6 C:/laragon/www/MARIKA_XIPPLG4_17_UAS_PORTOFOLIO/vendor/laravel/framework/src/Illuminate/Database/Schema/Builder.php(418): Illuminate/Database/Schema/Builder->build(Object(Illuminate/Database/Schema/Blueprint))
#7 C:/laragon/www/MARIKA_XIPPLG4_17_UAS_PORTOFOLIO/vendor/laravel/framework/src/Illuminate/Support/Facades/Facade.php(361): Illuminate/Database/Schema/Builder->create('experiences', Object(Closure))
#8 C:/laragon/www/MARIKA_XIPPLG4_17_UAS_PORTOFOLIO/database/migrations/2026_06_08_032952_create_experiences_table.php(14): Illuminate/Support/Facades/Facade::__callStatic('create', Array)
#9 C:/laragon/www/MARIKA_XIPPLG4_17_UAS_PORTOFOLIO/vendor/laravel/framework/src/Illuminate/Database/Migrations/Migrator.php(507): Illuminate/Database/Migrations/Migration@anonymous->up()
#10 C:/laragon/www/MARIKA_XIPPLG4_17_UAS_PORTOFOLIO/vendor/laravel/framework/src/Illuminate/Database/Migrations/Migrator.php(432): Illuminate/Database/Migrations/Migrator->runMethod(Object(Illuminate/Database/MySqlConnection), Object(Illuminate/Database/Migrations/Migration@anonymous), 'up')
#11 C:/laragon/www/MARIKA_XIPPLG4_17_UAS_PORTOFOLIO/vendor/laravel/framework/src/Illuminate/Database/Migrations/Migrator.php(441): Illuminate/Database/Migrations/Migrator->{closure:Illuminate/Database/Migrations/Migrator::runMigration():428}()
#12 C:/laragon/www/MARIKA_XIPPLG4_17_UAS_PORTOFOLIO/vendor/laravel/framework/src/Illuminate/Database/Migrations/Migrator.php(244): Illuminate/Database/Migrations/Migrator->runMigration(Object(Illuminate/Database/Migrations/Migration@anonymous), 'up')
#13 C:/laragon/www/MARIKA_XIPPLG4_17_UAS_PORTOFOLIO/vendor/laravel/framework/src/Illuminate/Console/View/Components/Task.php(40): Illuminate/Database/Migrations/Migrator->{closure:Illuminate/Database/Migrations/Migrator::runUp():244}()
#14 C:/laragon/www/MARIKA_XIPPLG4_17_UAS_PORTOFOLIO/vendor/laravel/framework/src/Illuminate/Database/Migrations/Migrator.php(798): Illuminate/Console/View/Components/Task->render('2026_06_08_0329...', Object(Closure))
#15 C:/laragon/www/MARIKA_XIPPLG4_17_UAS_PORTOFOLIO/vendor/laravel/framework/src/Illuminate/Database/Migrations/Migrator.php(244): Illuminate/Database/Migrations/Migrator->write('Illuminate//Cons...', '2026_06_08_0329...', Object(Closure))
#16 C:/laragon/www/MARIKA_XIPPLG4_17_UAS_PORTOFOLIO/vendor/laravel/framework/src/Illuminate/Database/Migrations/Migrator.php(211): Illuminate/Database/Migrations/Migrator->runUp('C://laragon//www//...', 1, false)
#17 C:/laragon/www/MARIKA_XIPPLG4_17_UAS_PORTOFOLIO/vendor/laravel/framework/src/Illuminate/Database/Migrations/Migrator.php(138): Illuminate/Database/Migrations/Migrator->runPending(Array, Array)
#18 C:/laragon/www/MARIKA_XIPPLG4_17_UAS_PORTOFOLIO/vendor/laravel/framework/src/Illuminate/Database/Console/Migrations/MigrateCommand.php(117): Illuminate/Database/Migrations/Migrator->run(Array, Array)
#19 C:/laragon/www/MARIKA_XIPPLG4_17_UAS_PORTOFOLIO/vendor/laravel/framework/src/Illuminate/Database/Migrations/Migrator.php(658): Illuminate/Database/Console/Migrations/MigrateCommand->{closure:Illuminate/Database/Console/Migrations/MigrateCommand::runMigrations():110}()
#20 C:/laragon/www/MARIKA_XIPPLG4_17_UAS_PORTOFOLIO/vendor/laravel/framework/src/Illuminate/Database/Console/Migrations/MigrateCommand.php(110): Illuminate/Database/Migrations/Migrator->usingConnection(NULL, Object(Closure))
#21 C:/laragon/www/MARIKA_XIPPLG4_17_UAS_PORTOFOLIO/vendor/laravel/framework/src/Illuminate/Database/Console/Migrations/MigrateCommand.php(89): Illuminate/Database/Console/Migrations/MigrateCommand->runMigrations()
#22 C:/laragon/www/MARIKA_XIPPLG4_17_UAS_PORTOFOLIO/vendor/laravel/framework/src/Illuminate/Container/BoundMethod.php(36): Illuminate/Database/Console/Migrations/MigrateCommand->handle()
#23 C:/laragon/www/MARIKA_XIPPLG4_17_UAS_PORTOFOLIO/vendor/laravel/framework/src/Illuminate/Container/Util.php(43): Illuminate/Container/BoundMethod::{closure:Illuminate/Container/BoundMethod::call():35}()
#24 C:/laragon/www/MARIKA_XIPPLG4_17_UAS_PORTOFOLIO/vendor/laravel/framework/src/Illuminate/Container/BoundMethod.php(95): Illuminate/Container/Util::unwrapIfClosure(Object(Closure))
#25 C:/laragon/www/MARIKA_XIPPLG4_17_UAS_PORTOFOLIO/vendor/laravel/framework/src/Illuminate/Container/BoundMethod.php(35): Illuminate/Container/BoundMethod::callBoundMethod(Object(Illuminate/Foundation/Application), Array, Object(Closure))
#26 C:/laragon/www/MARIKA_XIPPLG4_17_UAS_PORTOFOLIO/vendor/laravel/framework/src/Illuminate/Container/Container.php(696): Illuminate/Container/BoundMethod::call(Object(Illuminate/Foundation/Application), Array, Array, NULL)
#27 C:/laragon/www/MARIKA_XIPPLG4_17_UAS_PORTOFOLIO/vendor/laravel/framework/src/Illuminate/Console/Command.php(213): Illuminate/Container/Container->call(Array)
#28 C:/laragon/www/MARIKA_XIPPLG4_17_UAS_PORTOFOLIO/vendor/symfony/console/Command/Command.php(341): Illuminate/Console/Command->execute(Object(Symfony/Component/Console/Input/ArrayInput), Object(Illuminate/Console/OutputStyle))
#29 C:/laragon/www/MARIKA_XIPPLG4_17_UAS_PORTOFOLIO/vendor/laravel/framework/src/Illuminate/Console/Command.php(182): Symfony/Component/Console/Command/Command->run(Object(Symfony/Component/Console/Input/ArrayInput), Object(Illuminate/Console/OutputStyle))
#30 C:/laragon/www/MARIKA_XIPPLG4_17_UAS_PORTOFOLIO/vendor/laravel/framework/src/Illuminate/Console/Concerns/CallsCommands.php(68): Illuminate/Console/Command->run(Object(Symfony/Component/Console/Input/ArrayInput), Object(Illuminate/Console/OutputStyle))
#31 C:/laragon/www/MARIKA_XIPPLG4_17_UAS_PORTOFOLIO/vendor/laravel/framework/src/Illuminate/Console/Concerns/CallsCommands.php(29): Illuminate/Console/Command->runCommand('migrate', Array, Object(Illuminate/Console/OutputStyle))
#32 C:/laragon/www/MARIKA_XIPPLG4_17_UAS_PORTOFOLIO/vendor/laravel/framework/src/Illuminate/Database/Console/Migrations/FreshCommand.php(82): Illuminate/Console/Command->call('migrate', Array)
#33 C:/laragon/www/MARIKA_XIPPLG4_17_UAS_PORTOFOLIO/vendor/laravel/framework/src/Illuminate/Container/BoundMethod.php(36): Illuminate/Database/Console/Migrations/FreshCommand->handle()
#34 C:/laragon/www/MARIKA_XIPPLG4_17_UAS_PORTOFOLIO/vendor/laravel/framework/src/Illuminate/Container/Util.php(43): Illuminate/Container/BoundMethod::{closure:Illuminate/Container/BoundMethod::call():35}()
#35 C:/laragon/www/MARIKA_XIPPLG4_17_UAS_PORTOFOLIO/vendor/laravel/framework/src/Illuminate/Container/BoundMethod.php(95): Illuminate/Container/Util::unwrapIfClosure(Object(Closure))
#36 C:/laragon/www/MARIKA_XIPPLG4_17_UAS_PORTOFOLIO/vendor/laravel/framework/src/Illuminate/Container/BoundMethod.php(35): Illuminate/Container/BoundMethod::callBoundMethod(Object(Illuminate/Foundation/Application), Array, Object(Closure))
#37 C:/laragon/www/MARIKA_XIPPLG4_17_UAS_PORTOFOLIO/vendor/laravel/framework/src/Illuminate/Container/Container.php(696): Illuminate/Container/BoundMethod::call(Object(Illuminate/Foundation/Application), Array, Array, NULL)
#38 C:/laragon/www/MARIKA_XIPPLG4_17_UAS_PORTOFOLIO/vendor/laravel/framework/src/Illuminate/Console/Command.php(213): Illuminate/Container/Container->call(Array)
#39 C:/laragon/www/MARIKA_XIPPLG4_17_UAS_PORTOFOLIO/vendor/symfony/console/Command/Command.php(341): Illuminate/Console/Command->execute(Object(Symfony/Component/Console/Input/ArgvInput), Object(Illuminate/Console/OutputStyle))
#40 C:/laragon/www/MARIKA_XIPPLG4_17_UAS_PORTOFOLIO/vendor/laravel/framework/src/Illuminate/Console/Command.php(182): Symfony/Component/Console/Command/Command->run(Object(Symfony/Component/Console/Input/ArgvInput), Object(Illuminate/Console/OutputStyle))
#41 C:/laragon/www/MARIKA_XIPPLG4_17_UAS_PORTOFOLIO/vendor/symfony/console/Application.php(1117): Illuminate/Console/Command->run(Object(Symfony/Component/Console/Input/ArgvInput), Object(Symfony/Component/Console/Output/ConsoleOutput))
#42 C:/laragon/www/MARIKA_XIPPLG4_17_UAS_PORTOFOLIO/vendor/symfony/console/Application.php(356): Symfony/Component/Console/Application->doRunCommand(Object(Illuminate/Database/Console/Migrations/FreshCommand), Object(Symfony/Component/Console/Input/ArgvInput), Object(Symfony/Component/Console/Output/ConsoleOutput))
#43 C:/laragon/www/MARIKA_XIPPLG4_17_UAS_PORTOFOLIO/vendor/symfony/console/Application.php(195): Symfony/Component/Console/Application->doRun(Object(Symfony/Component/Console/Input/ArgvInput), Object(Symfony/Component/Console/Output/ConsoleOutput))
#44 C:/laragon/www/MARIKA_XIPPLG4_17_UAS_PORTOFOLIO/vendor/laravel/framework/src/Illuminate/Foundation/Console/Kernel.php(198): Symfony/Component/Console/Application->run(Object(Symfony/Component/Console/Input/ArgvInput), Object(Symfony/Component/Console/Output/ConsoleOutput))
#45 C:/laragon/www/MARIKA_XIPPLG4_17_UAS_PORTOFOLIO/vendor/laravel/framework/src/Illuminate/Foundation/Application.php(1235): Illuminate/Foundation/Console/Kernel->handle(Object(Symfony/Component/Console/Input/ArgvInput), Object(Symfony/Component/Console/Output/ConsoleOutput))
#46 C:/laragon/www/MARIKA_XIPPLG4_17_UAS_PORTOFOLIO/artisan(13): Illuminate/Foundation/Application->handleCommand(Object(Symfony/Component/Console/Input/ArgvInput))
#47 {main}
"} 
[2026-09-01 04:15:31] local.ERROR: SQLSTATE[42S01]: Base table or view already exists: 1050 Table 'projects' already exists (Connection: mysql, SQL: create table `projects` (`id` bigint unsigned not null auto_increment primary key, `created_at` timestamp null, `updated_at` timestamp null) default character set utf8mb4 collate 'utf8mb4_0900_ai_ci') {"exception":"[object] (Illuminate\\Database\\QueryException(code: 42S01): SQLSTATE[42S01]: Base table or view already exists: 1050 Table 'projects' already exists (Connection: mysql, SQL: create table `projects` (`id` bigint unsigned not null auto_increment primary key, `created_at` timestamp null, `updated_at` timestamp null) default character set utf8mb4 collate 'utf8mb4_0900_ai_ci') at C:/laragon/www/MARIKA_XIPPLG4_17_UAS_PORTOFOLIO/vendor/laravel/framework/src/Illuminate/Database/Connection.php:825)
[stacktrace]
#0 C:/laragon/www/MARIKA_XIPPLG4_17_UAS_PORTOFOLIO/vendor/laravel/framework/src/Illuminate/Database/Connection.php(779): Illuminate/Database/Connection->runQueryCallback('create table `p...', Array, Object(Closure))
#1 C:/laragon/www/MARIKA_XIPPLG4_17_UAS_PORTOFOLIO/vendor/laravel/framework/src/Illuminate/Database/Connection.php(560): Illuminate/Database/Connection->run('create table `p...', Array, Object(Closure))
#2 C:/laragon/www/MARIKA_XIPPLG4_17_UAS_PORTOFOLIO/vendor/laravel/framework/src/Illuminate/Database/Schema/Blueprint.php(118): Illuminate/Database/Connection->statement('create table `p...')
#3 C:/laragon/www/MARIKA_XIPPLG4_17_UAS_PORTOFOLIO/vendor/laravel/framework/src/Illuminate/Database/Schema/Builder.php(564): Illuminate/Database/Schema/Blueprint->build(Object(Illuminate/Database/MySqlConnection), Object(Illuminate/Database/Schema/Grammars/MySqlGrammar))
#4 C:/laragon/www/MARIKA_XIPPLG4_17_UAS_PORTOFOLIO/vendor/laravel/framework/src/Illuminate/Database/Schema/Builder.php(418): Illuminate/Database/Schema/Builder->build(Object(Illuminate/Database/Schema/Blueprint))
#5 C:/laragon/www/MARIKA_XIPPLG4_17_UAS_PORTOFOLIO/vendor/laravel/framework/src/Illuminate/Support/Facades/Facade.php(361): Illuminate/Database/Schema/Builder->create('projects', Object(Closure))
#6 C:/laragon/www/MARIKA_XIPPLG4_17_UAS_PORTOFOLIO/database/migrations/2026_06_08_032952_create_projects_table.php(14): Illuminate/Support/Facades/Facade::__callStatic('create', Array)
#7 C:/laragon/www/MARIKA_XIPPLG4_17_UAS_PORTOFOLIO/vendor/laravel/framework/src/Illuminate/Database/Migrations/Migrator.php(507): Illuminate/Database/Migrations/Migration@anonymous->up()
#8 C:/laragon/www/MARIKA_XIPPLG4_17_UAS_PORTOFOLIO/vendor/laravel/framework/src/Illuminate/Database/Migrations/Migrator.php(432): Illuminate/Database/Migrations/Migrator->runMethod(Object(Illuminate/Database/MySqlConnection), Object(Illuminate/Database/Migrations/Migration@anonymous), 'up')
#9 C:/laragon/www/MARIKA_XIPPLG4_17_UAS_PORTOFOLIO/vendor/laravel/framework/src/Illuminate/Database/Migrations/Migrator.php(441): Illuminate/Database/Migrations/Migrator->{closure:Illuminate/Database/Migrations/Migrator::runMigration():428}()
#10 C:/laragon/www/MARIKA_XIPPLG4_17_UAS_PORTOFOLIO/vendor/laravel/framework/src/Illuminate/Database/Migrations/Migrator.php(244): Illuminate/Database/Migrations/Migrator->runMigration(Object(Illuminate/Database/Migrations/Migration@anonymous), 'up')
#11 C:/laragon/www/MARIKA_XIPPLG4_17_UAS_PORTOFOLIO/vendor/laravel/framework/src/Illuminate/Console/View/Components/Task.php(40): Illuminate/Database/Migrations/Migrator->{closure:Illuminate/Database/Migrations/Migrator::runUp():244}()
#12 C:/laragon/www/MARIKA_XIPPLG4_17_UAS_PORTOFOLIO/vendor/laravel/framework/src/Illuminate/Database/Migrations/Migrator.php(798): Illuminate/Console/View/Components/Task->render('2026_06_08_0329...', Object(Closure))
#13 C:/laragon/www/MARIKA_XIPPLG4_17_UAS_PORTOFOLIO/vendor/laravel/framework/src/Illuminate/Database/Migrations/Migrator.php(244): Illuminate/Database/Migrations/Migrator->write('Illuminate//Cons...', '2026_06_08_0329...', Object(Closure))
#14 C:/laragon/www/MARIKA_XIPPLG4_17_UAS_PORTOFOLIO/vendor/laravel/framework/src/Illuminate/Database/Migrations/Migrator.php(211): Illuminate/Database/Migrations/Migrator->runUp('C://laragon//www//...', 1, false)
#15 C:/laragon/www/MARIKA_XIPPLG4_17_UAS_PORTOFOLIO/vendor/laravel/framework/src/Illuminate/Database/Migrations/Migrator.php(138): Illuminate/Database/Migrations/Migrator->runPending(Array, Array)
#16 C:/laragon/www/MARIKA_XIPPLG4_17_UAS_PORTOFOLIO/vendor/laravel/framework/src/Illuminate/Database/Console/Migrations/MigrateCommand.php(117): Illuminate/Database/Migrations/Migrator->run(Array, Array)
#17 C:/laragon/www/MARIKA_XIPPLG4_17_UAS_PORTOFOLIO/vendor/laravel/framework/src/Illuminate/Database/Migrations/Migrator.php(658): Illuminate/Database/Console/Migrations/MigrateCommand->{closure:Illuminate/Database/Console/Migrations/MigrateCommand::runMigrations():110}()
#18 C:/laragon/www/MARIKA_XIPPLG4_17_UAS_PORTOFOLIO/vendor/laravel/framework/src/Illuminate/Database/Console/Migrations/MigrateCommand.php(110): Illuminate/Database/Migrations/Migrator->usingConnection(NULL, Object(Closure))
#19 C:/laragon/www/MARIKA_XIPPLG4_17_UAS_PORTOFOLIO/vendor/laravel/framework/src/Illuminate/Database/Console/Migrations/MigrateCommand.php(89): Illuminate/Database/Console/Migrations/MigrateCommand->runMigrations()
#20 C:/laragon/www/MARIKA_XIPPLG4_17_UAS_PORTOFOLIO/vendor/laravel/framework/src/Illuminate/Container/BoundMethod.php(36): Illuminate/Database/Console/Migrations/MigrateCommand->handle()
#21 C:/laragon/www/MARIKA_XIPPLG4_17_UAS_PORTOFOLIO/vendor/laravel/framework/src/Illuminate/Container/Util.php(43): Illuminate/Container/BoundMethod::{closure:Illuminate/Container/BoundMethod::call():35}()
#22 C:/laragon/www/MARIKA_XIPPLG4_17_UAS_PORTOFOLIO/vendor/laravel/framework/src/Illuminate/Container/BoundMethod.php(95): Illuminate/Container/Util::unwrapIfClosure(Object(Closure))
#23 C:/laragon/www/MARIKA_XIPPLG4_17_UAS_PORTOFOLIO/vendor/laravel/framework/src/Illuminate/Container/BoundMethod.php(35): Illuminate/Container/BoundMethod::callBoundMethod(Object(Illuminate/Foundation/Application), Array, Object(Closure))
#24 C:/laragon/www/MARIKA_XIPPLG4_17_UAS_PORTOFOLIO/vendor/laravel/framework/src/Illuminate/Container/Container.php(696): Illuminate/Container/BoundMethod::call(Object(Illuminate/Foundation/Application), Array, Array, NULL)
#25 C:/laragon/www/MARIKA_XIPPLG4_17_UAS_PORTOFOLIO/vendor/laravel/framework/src/Illuminate/Console/Command.php(213): Illuminate/Container/Container->call(Array)
#26 C:/laragon/www/MARIKA_XIPPLG4_17_UAS_PORTOFOLIO/vendor/symfony/console/Command/Command.php(341): Illuminate/Console/Command->execute(Object(Symfony/Component/Console/Input/ArrayInput), Object(Illuminate/Console/OutputStyle))
#27 C:/laragon/www/MARIKA_XIPPLG4_17_UAS_PORTOFOLIO/vendor/laravel/framework/src/Illuminate/Console/Command.php(182): Symfony/Component/Console/Command/Command->run(Object(Symfony/Component/Console/Input/ArrayInput), Object(Illuminate/Console/OutputStyle))
#28 C:/laragon/www/MARIKA_XIPPLG4_17_UAS_PORTOFOLIO/vendor/laravel/framework/src/Illuminate/Console/Concerns/CallsCommands.php(68): Illuminate/Console/Command->run(Object(Symfony/Component/Console/Input/ArrayInput), Object(Illuminate/Console/OutputStyle))
#29 C:/laragon/www/MARIKA_XIPPLG4_17_UAS_PORTOFOLIO/vendor/laravel/framework/src/Illuminate/Console/Concerns/CallsCommands.php(29): Illuminate/Console/Command->runCommand('migrate', Array, Object(Illuminate/Console/OutputStyle))
#30 C:/laragon/www/MARIKA_XIPPLG4_17_UAS_PORTOFOLIO/vendor/laravel/framework/src/Illuminate/Database/Console/Migrations/FreshCommand.php(82): Illuminate/Console/Command->call('migrate', Array)
#31 C:/laragon/www/MARIKA_XIPPLG4_17_UAS_PORTOFOLIO/vendor/laravel/framework/src/Illuminate/Container/BoundMethod.php(36): Illuminate/Database/Console/Migrations/FreshCommand->handle()
#32 C:/laragon/www/MARIKA_XIPPLG4_17_UAS_PORTOFOLIO/vendor/laravel/framework/src/Illuminate/Container/Util.php(43): Illuminate/Container/BoundMethod::{closure:Illuminate/Container/BoundMethod::call():35}()
#33 C:/laragon/www/MARIKA_XIPPLG4_17_UAS_PORTOFOLIO/vendor/laravel/framework/src/Illuminate/Container/BoundMethod.php(95): Illuminate/Container/Util::unwrapIfClosure(Object(Closure))
#34 C:/laragon/www/MARIKA_XIPPLG4_17_UAS_PORTOFOLIO/vendor/laravel/framework/src/Illuminate/Container/BoundMethod.php(35): Illuminate/Container/BoundMethod::callBoundMethod(Object(Illuminate/Foundation/Application), Array, Object(Closure))
#35 C:/laragon/www/MARIKA_XIPPLG4_17_UAS_PORTOFOLIO/vendor/laravel/framework/src/Illuminate/Container/Container.php(696): Illuminate/Container/BoundMethod::call(Object(Illuminate/Foundation/Application), Array, Array, NULL)
#36 C:/laragon/www/MARIKA_XIPPLG4_17_UAS_PORTOFOLIO/vendor/laravel/framework/src/Illuminate/Console/Command.php(213): Illuminate/Container/Container->call(Array)
#37 C:/laragon/www/MARIKA_XIPPLG4_17_UAS_PORTOFOLIO/vendor/symfony/console/Command/Command.php(341): Illuminate/Console/Command->execute(Object(Symfony/Component/Console/Input/ArgvInput), Object(Illuminate/Console/OutputStyle))
#38 C:/laragon/www/MARIKA_XIPPLG4_17_UAS_PORTOFOLIO/vendor/laravel/framework/src/Illuminate/Console/Command.php(182): Symfony/Component/Console/Command/Command->run(Object(Symfony/Component/Console/Input/ArgvInput), Object(Illuminate/Console/OutputStyle))
#39 C:/laragon/www/MARIKA_XIPPLG4_17_UAS_PORTOFOLIO/vendor/symfony/console/Application.php(1117): Illuminate/Console/Command->run(Object(Symfony/Component/Console/Input/ArgvInput), Object(Symfony/Component/Console/Output/ConsoleOutput))
#40 C:/laragon/www/MARIKA_XIPPLG4_17_UAS_PORTOFOLIO/vendor/symfony/console/Application.php(356): Symfony/Component/Console/Application->doRunCommand(Object(Illuminate/Database/Console/Migrations/FreshCommand), Object(Symfony/Component/Console/Input/ArgvInput), Object(Symfony/Component/Console/Output/ConsoleOutput))
#41 C:/laragon/www/MARIKA_XIPPLG4_17_UAS_PORTOFOLIO/vendor/symfony/console/Application.php(195): Symfony/Component/Console/Application->doRun(Object(Symfony/Component/Console/Input/ArgvInput), Object(Symfony/Component/Console/Output/ConsoleOutput))
#42 C:/laragon/www/MARIKA_XIPPLG4_17_UAS_PORTOFOLIO/vendor/laravel/framework/src/Illuminate/Foundation/Console/Kernel.php(198): Symfony/Component/Console/Application->run(Object(Symfony/Component/Console/Input/ArgvInput), Object(Symfony/Component/Console/Output/ConsoleOutput))
#43 C:/laragon/www/MARIKA_XIPPLG4_17_UAS_PORTOFOLIO/vendor/laravel/framework/src/Illuminate/Foundation/Application.php(1235): Illuminate/Foundation/Console/Kernel->handle(Object(Symfony/Component/Console/Input/ArgvInput), Object(Symfony/Component/Console/Output/ConsoleOutput))
#44 C:/laragon/www/MARIKA_XIPPLG4_17_UAS_PORTOFOLIO/artisan(13): Illuminate/Foundation/Application->handleCommand(Object(Symfony/Component/Console/Input/ArgvInput))
#45 {main}

[previous exception] [object] (PDOException(code: 42S01): SQLSTATE[42S01]: Base table or view already exists: 1050 Table 'projects' already exists at C:/laragon/www/MARIKA_XIPPLG4_17_UAS_PORTOFOLIO/vendor/laravel/framework/src/Illuminate/Database/Connection.php:571)
[stacktrace]
#0 C:/laragon/www/MARIKA_XIPPLG4_17_UAS_PORTOFOLIO/vendor/laravel/framework/src/Illuminate/Database/Connection.php(571): PDOStatement->execute()
#1 C:/laragon/www/MARIKA_XIPPLG4_17_UAS_PORTOFOLIO/vendor/laravel/framework/src/Illuminate/Database/Connection.php(812): Illuminate/Database/Connection->{closure:Illuminate/Database/Connection::statement():560}('create table `p...', Array)
#2 C:/laragon/www/MARIKA_XIPPLG4_17_UAS_PORTOFOLIO/vendor/laravel/framework/src/Illuminate/Database/Connection.php(779): Illuminate/Database/Connection->runQueryCallback('create table `p...', Array, Object(Closure))
#3 C:/laragon/www/MARIKA_XIPPLG4_17_UAS_PORTOFOLIO/vendor/laravel/framework/src/Illuminate/Database/Connection.php(560): Illuminate/Database/Connection->run('create table `p...', Array, Object(Closure))
#4 C:/laragon/www/MARIKA_XIPPLG4_17_UAS_PORTOFOLIO/vendor/laravel/framework/src/Illuminate/Database/Schema/Blueprint.php(118): Illuminate/Database/Connection->statement('create table `p...')
#5 C:/laragon/www/MARIKA_XIPPLG4_17_UAS_PORTOFOLIO/vendor/laravel/framework/src/Illuminate/Database/Schema/Builder.php(564): Illuminate/Database/Schema/Blueprint->build(Object(Illuminate/Database/MySqlConnection), Object(Illuminate/Database/Schema/Grammars/MySqlGrammar))
#6 C:/laragon/www/MARIKA_XIPPLG4_17_UAS_PORTOFOLIO/vendor/laravel/framework/src/Illuminate/Database/Schema/Builder.php(418): Illuminate/Database/Schema/Builder->build(Object(Illuminate/Database/Schema/Blueprint))
#7 C:/laragon/www/MARIKA_XIPPLG4_17_UAS_PORTOFOLIO/vendor/laravel/framework/src/Illuminate/Support/Facades/Facade.php(361): Illuminate/Database/Schema/Builder->create('projects', Object(Closure))
#8 C:/laragon/www/MARIKA_XIPPLG4_17_UAS_PORTOFOLIO/database/migrations/2026_06_08_032952_create_projects_table.php(14): Illuminate/Support/Facades/Facade::__callStatic('create', Array)
#9 C:/laragon/www/MARIKA_XIPPLG4_17_UAS_PORTOFOLIO/vendor/laravel/framework/src/Illuminate/Database/Migrations/Migrator.php(507): Illuminate/Database/Migrations/Migration@anonymous->up()
#10 C:/laragon/www/MARIKA_XIPPLG4_17_UAS_PORTOFOLIO/vendor/laravel/framework/src/Illuminate/Database/Migrations/Migrator.php(432): Illuminate/Database/Migrations/Migrator->runMethod(Object(Illuminate/Database/MySqlConnection), Object(Illuminate/Database/Migrations/Migration@anonymous), 'up')
#11 C:/laragon/www/MARIKA_XIPPLG4_17_UAS_PORTOFOLIO/vendor/laravel/framework/src/Illuminate/Database/Migrations/Migrator.php(441): Illuminate/Database/Migrations/Migrator->{closure:Illuminate/Database/Migrations/Migrator::runMigration():428}()
#12 C:/laragon/www/MARIKA_XIPPLG4_17_UAS_PORTOFOLIO/vendor/laravel/framework/src/Illuminate/Database/Migrations/Migrator.php(244): Illuminate/Database/Migrations/Migrator->runMigration(Object(Illuminate/Database/Migrations/Migration@anonymous), 'up')
#13 C:/laragon/www/MARIKA_XIPPLG4_17_UAS_PORTOFOLIO/vendor/laravel/framework/src/Illuminate/Console/View/Components/Task.php(40): Illuminate/Database/Migrations/Migrator->{closure:Illuminate/Database/Migrations/Migrator::runUp():244}()
#14 C:/laragon/www/MARIKA_XIPPLG4_17_UAS_PORTOFOLIO/vendor/laravel/framework/src/Illuminate/Database/Migrations/Migrator.php(798): Illuminate/Console/View/Components/Task->render('2026_06_08_0329...', Object(Closure))
#15 C:/laragon/www/MARIKA_XIPPLG4_17_UAS_PORTOFOLIO/vendor/laravel/framework/src/Illuminate/Database/Migrations/Migrator.php(244): Illuminate/Database/Migrations/Migrator->write('Illuminate//Cons...', '2026_06_08_0329...', Object(Closure))
#16 C:/laragon/www/MARIKA_XIPPLG4_17_UAS_PORTOFOLIO/vendor/laravel/framework/src/Illuminate/Database/Migrations/Migrator.php(211): Illuminate/Database/Migrations/Migrator->runUp('C://laragon//www//...', 1, false)
#17 C:/laragon/www/MARIKA_XIPPLG4_17_UAS_PORTOFOLIO/vendor/laravel/framework/src/Illuminate/Database/Migrations/Migrator.php(138): Illuminate/Database/Migrations/Migrator->runPending(Array, Array)
#18 C:/laragon/www/MARIKA_XIPPLG4_17_UAS_PORTOFOLIO/vendor/laravel/framework/src/Illuminate/Database/Console/Migrations/MigrateCommand.php(117): Illuminate/Database/Migrations/Migrator->run(Array, Array)
#19 C:/laragon/www/MARIKA_XIPPLG4_17_UAS_PORTOFOLIO/vendor/laravel/framework/src/Illuminate/Database/Migrations/Migrator.php(658): Illuminate/Database/Console/Migrations/MigrateCommand->{closure:Illuminate/Database/Console/Migrations/MigrateCommand::runMigrations():110}()
#20 C:/laragon/www/MARIKA_XIPPLG4_17_UAS_PORTOFOLIO/vendor/laravel/framework/src/Illuminate/Database/Console/Migrations/MigrateCommand.php(110): Illuminate/Database/Migrations/Migrator->usingConnection(NULL, Object(Closure))
#21 C:/laragon/www/MARIKA_XIPPLG4_17_UAS_PORTOFOLIO/vendor/laravel/framework/src/Illuminate/Database/Console/Migrations/MigrateCommand.php(89): Illuminate/Database/Console/Migrations/MigrateCommand->runMigrations()
#22 C:/laragon/www/MARIKA_XIPPLG4_17_UAS_PORTOFOLIO/vendor/laravel/framework/src/Illuminate/Container/BoundMethod.php(36): Illuminate/Database/Console/Migrations/MigrateCommand->handle()
#23 C:/laragon/www/MARIKA_XIPPLG4_17_UAS_PORTOFOLIO/vendor/laravel/framework/src/Illuminate/Container/Util.php(43): Illuminate/Container/BoundMethod::{closure:Illuminate/Container/BoundMethod::call():35}()
#24 C:/laragon/www/MARIKA_XIPPLG4_17_UAS_PORTOFOLIO/vendor/laravel/framework/src/Illuminate/Container/BoundMethod.php(95): Illuminate/Container/Util::unwrapIfClosure(Object(Closure))
#25 C:/laragon/www/MARIKA_XIPPLG4_17_UAS_PORTOFOLIO/vendor/laravel/framework/src/Illuminate/Container/BoundMethod.php(35): Illuminate/Container/BoundMethod::callBoundMethod(Object(Illuminate/Foundation/Application), Array, Object(Closure))
#26 C:/laragon/www/MARIKA_XIPPLG4_17_UAS_PORTOFOLIO/vendor/laravel/framework/src/Illuminate/Container/Container.php(696): Illuminate/Container/BoundMethod::call(Object(Illuminate/Foundation/Application), Array, Array, NULL)
#27 C:/laragon/www/MARIKA_XIPPLG4_17_UAS_PORTOFOLIO/vendor/laravel/framework/src/Illuminate/Console/Command.php(213): Illuminate/Container/Container->call(Array)
#28 C:/laragon/www/MARIKA_XIPPLG4_17_UAS_PORTOFOLIO/vendor/symfony/console/Command/Command.php(341): Illuminate/Console/Command->execute(Object(Symfony/Component/Console/Input/ArrayInput), Object(Illuminate/Console/OutputStyle))
#29 C:/laragon/www/MARIKA_XIPPLG4_17_UAS_PORTOFOLIO/vendor/laravel/framework/src/Illuminate/Console/Command.php(182): Symfony/Component/Console/Command/Command->run(Object(Symfony/Component/Console/Input/ArrayInput), Object(Illuminate/Console/OutputStyle))
#30 C:/laragon/www/MARIKA_XIPPLG4_17_UAS_PORTOFOLIO/vendor/laravel/framework/src/Illuminate/Console/Concerns/CallsCommands.php(68): Illuminate/Console/Command->run(Object(Symfony/Component/Console/Input/ArrayInput), Object(Illuminate/Console/OutputStyle))
#31 C:/laragon/www/MARIKA_XIPPLG4_17_UAS_PORTOFOLIO/vendor/laravel/framework/src/Illuminate/Console/Concerns/CallsCommands.php(29): Illuminate/Console/Command->runCommand('migrate', Array, Object(Illuminate/Console/OutputStyle))
#32 C:/laragon/www/MARIKA_XIPPLG4_17_UAS_PORTOFOLIO/vendor/laravel/framework/src/Illuminate/Database/Console/Migrations/FreshCommand.php(82): Illuminate/Console/Command->call('migrate', Array)
#33 C:/laragon/www/MARIKA_XIPPLG4_17_UAS_PORTOFOLIO/vendor/laravel/framework/src/Illuminate/Container/BoundMethod.php(36): Illuminate/Database/Console/Migrations/FreshCommand->handle()
#34 C:/laragon/www/MARIKA_XIPPLG4_17_UAS_PORTOFOLIO/vendor/laravel/framework/src/Illuminate/Container/Util.php(43): Illuminate/Container/BoundMethod::{closure:Illuminate/Container/BoundMethod::call():35}()
#35 C:/laragon/www/MARIKA_XIPPLG4_17_UAS_PORTOFOLIO/vendor/laravel/framework/src/Illuminate/Container/BoundMethod.php(95): Illuminate/Container/Util::unwrapIfClosure(Object(Closure))
#36 C:/laragon/www/MARIKA_XIPPLG4_17_UAS_PORTOFOLIO/vendor/laravel/framework/src/Illuminate/Container/BoundMethod.php(35): Illuminate/Container/BoundMethod::callBoundMethod(Object(Illuminate/Foundation/Application), Array, Object(Closure))
#37 C:/laragon/www/MARIKA_XIPPLG4_17_UAS_PORTOFOLIO/vendor/laravel/framework/src/Illuminate/Container/Container.php(696): Illuminate/Container/BoundMethod::call(Object(Illuminate/Foundation/Application), Array, Array, NULL)
#38 C:/laragon/www/MARIKA_XIPPLG4_17_UAS_PORTOFOLIO/vendor/laravel/framework/src/Illuminate/Console/Command.php(213): Illuminate/Container/Container->call(Array)
#39 C:/laragon/www/MARIKA_XIPPLG4_17_UAS_PORTOFOLIO/vendor/symfony/console/Command/Command.php(341): Illuminate/Console/Command->execute(Object(Symfony/Component/Console/Input/ArgvInput), Object(Illuminate/Console/OutputStyle))
#40 C:/laragon/www/MARIKA_XIPPLG4_17_UAS_PORTOFOLIO/vendor/laravel/framework/src/Illuminate/Console/Command.php(182): Symfony/Component/Console/Command/Command->run(Object(Symfony/Component/Console/Input/ArgvInput), Object(Illuminate/Console/OutputStyle))
#41 C:/laragon/www/MARIKA_XIPPLG4_17_UAS_PORTOFOLIO/vendor/symfony/console/Application.php(1117): Illuminate/Console/Command->run(Object(Symfony/Component/Console/Input/ArgvInput), Object(Symfony/Component/Console/Output/ConsoleOutput))
#42 C:/laragon/www/MARIKA_XIPPLG4_17_UAS_PORTOFOLIO/vendor/symfony/console/Application.php(356): Symfony/Component/Console/Application->doRunCommand(Object(Illuminate/Database/Console/Migrations/FreshCommand), Object(Symfony/Component/Console/Input/ArgvInput), Object(Symfony/Component/Console/Output/ConsoleOutput))
#43 C:/laragon/www/MARIKA_XIPPLG4_17_UAS_PORTOFOLIO/vendor/symfony/console/Application.php(195): Symfony/Component/Console/Application->doRun(Object(Symfony/Component/Console/Input/ArgvInput), Object(Symfony/Component/Console/Output/ConsoleOutput))
#44 C:/laragon/www/MARIKA_XIPPLG4_17_UAS_PORTOFOLIO/vendor/laravel/framework/src/Illuminate/Foundation/Console/Kernel.php(198): Symfony/Component/Console/Application->run(Object(Symfony/Component/Console/Input/ArgvInput), Object(Symfony/Component/Console/Output/ConsoleOutput))
#45 C:/laragon/www/MARIKA_XIPPLG4_17_UAS_PORTOFOLIO/vendor/laravel/framework/src/Illuminate/Foundation/Application.php(1235): Illuminate/Foundation/Console/Kernel->handle(Object(Symfony/Component/Console/Input/ArgvInput), Object(Symfony/Component/Console/Output/ConsoleOutput))
#46 C:/laragon/www/MARIKA_XIPPLG4_17_UAS_PORTOFOLIO/artisan(13): Illuminate/Foundation/Application->handleCommand(Object(Symfony/Component/Console/Input/ArgvInput))
#47 {main}
"} 
[2026-09-01 04:16:00] local.ERROR: SQLSTATE[42S22]: Column not found: 1054 Unknown column 'email_verified_at' in 'INSERT INTO' (Connection: mysql, SQL: insert into `users` (`name`, `email`, `email_verified_at`, `password`, `remember_token`, `updated_at`, `created_at`) values (Test User, test@example.com, 2026-09-01 04:16:00, $2y$12$rDmK4PnW9j64BBGk2BQQH.R/0CrIvoQinbI2./5tiQg0g5vt8o33K, 9Cvwy6zABa, 2026-09-01 04:16:00, 2026-09-01 04:16:00)) {"exception":"[object] (Illuminate\\Database\\QueryException(code: 42S22): SQLSTATE[42S22]: Column not found: 1054 Unknown column 'email_verified_at' in 'INSERT INTO' (Connection: mysql, SQL: insert into `users` (`name`, `email`, `email_verified_at`, `password`, `remember_token`, `updated_at`, `created_at`) values (Test User, test@example.com, 2026-09-01 04:16:00, $2y$12$rDmK4PnW9j64BBGk2BQQH.R/0CrIvoQinbI2./5tiQg0g5vt8o33K, 9Cvwy6zABa, 2026-09-01 04:16:00, 2026-09-01 04:16:00)) at C:/laragon/www/MARIKA_XIPPLG4_17_UAS_PORTOFOLIO/vendor/laravel/framework/src/Illuminate/Database/Connection.php:825)
[stacktrace]
#0 C:/laragon/www/MARIKA_XIPPLG4_17_UAS_PORTOFOLIO/vendor/laravel/framework/src/Illuminate/Database/Connection.php(779): Illuminate/Database/Connection->runQueryCallback('insert into `us...', Array, Object(Closure))
#1 C:/laragon/www/MARIKA_XIPPLG4_17_UAS_PORTOFOLIO/vendor/laravel/framework/src/Illuminate/Database/MySqlConnection.php(42): Illuminate/Database/Connection->run('insert into `us...', Array, Object(Closure))
#2 C:/laragon/www/MARIKA_XIPPLG4_17_UAS_PORTOFOLIO/vendor/laravel/framework/src/Illuminate/Database/Query/Processors/MySqlProcessor.php(35): Illuminate/Database/MySqlConnection->insert('insert into `us...', Array, 'id')
#3 C:/laragon/www/MARIKA_XIPPLG4_17_UAS_PORTOFOLIO/vendor/laravel/framework/src/Illuminate/Database/Query/Builder.php(3766): Illuminate/Database/Query/Processors/MySqlProcessor->processInsertGetId(Object(Illuminate/Database/Query/Builder), 'insert into `us...', Array, 'id')
#4 C:/laragon/www/MARIKA_XIPPLG4_17_UAS_PORTOFOLIO/vendor/laravel/framework/src/Illuminate/Database/Eloquent/Builder.php(2120): Illuminate/Database/Query/Builder->insertGetId(Array, 'id')
#5 C:/laragon/www/MARIKA_XIPPLG4_17_UAS_PORTOFOLIO/vendor/laravel/framework/src/Illuminate/Database/Eloquent/Model.php(1359): Illuminate/Database/Eloquent/Builder->__call('insertGetId', Array)
#6 C:/laragon/www/MARIKA_XIPPLG4_17_UAS_PORTOFOLIO/vendor/laravel/framework/src/Illuminate/Database/Eloquent/Model.php(1324): Illuminate/Database/Eloquent/Model->insertAndSetId(Object(Illuminate/Database/Eloquent/Builder), Array)
#7 C:/laragon/www/MARIKA_XIPPLG4_17_UAS_PORTOFOLIO/vendor/laravel/framework/src/Illuminate/Database/Eloquent/Model.php(1163): Illuminate/Database/Eloquent/Model->performInsert(Object(Illuminate/Database/Eloquent/Builder))
#8 C:/laragon/www/MARIKA_XIPPLG4_17_UAS_PORTOFOLIO/vendor/laravel/framework/src/Illuminate/Database/Eloquent/Factories/Factory.php(352): Illuminate/Database/Eloquent/Model->save()
#9 C:/laragon/www/MARIKA_XIPPLG4_17_UAS_PORTOFOLIO/vendor/laravel/framework/src/Illuminate/Collections/Traits/EnumeratesValues.php(261): Illuminate/Database/Eloquent/Factories/Factory->{closure:Illuminate/Database/Eloquent/Factories/Factory::store():347}(Object(App/Models/User), 0)
#10 C:/laragon/www/MARIKA_XIPPLG4_17_UAS_PORTOFOLIO/vendor/laravel/framework/src/Illuminate/Database/Eloquent/Factories/Factory.php(347): Illuminate/Support/Collection->each(Object(Closure))
#11 C:/laragon/www/MARIKA_XIPPLG4_17_UAS_PORTOFOLIO/vendor/laravel/framework/src/Illuminate/Database/Eloquent/Factories/Factory.php(303): Illuminate/Database/Eloquent/Factories/Factory->store(Object(Illuminate/Support/Collection))
#12 C:/laragon/www/MARIKA_XIPPLG4_17_UAS_PORTOFOLIO/vendor/laravel/framework/src/Illuminate/Database/Eloquent/Factories/Factory.php(297): Illuminate/Database/Eloquent/Factories/Factory->create(Array, NULL)
#13 C:/laragon/www/MARIKA_XIPPLG4_17_UAS_PORTOFOLIO/database/seeders/DatabaseSeeder.php(18): Illuminate/Database/Eloquent/Factories/Factory->create(Array)
#14 C:/laragon/www/MARIKA_XIPPLG4_17_UAS_PORTOFOLIO/vendor/laravel/framework/src/Illuminate/Container/BoundMethod.php(36): Database/Seeders/DatabaseSeeder->run()
#15 C:/laragon/www/MARIKA_XIPPLG4_17_UAS_PORTOFOLIO/vendor/laravel/framework/src/Illuminate/Container/Util.php(43): Illuminate/Container/BoundMethod::{closure:Illuminate/Container/BoundMethod::call():35}()
#16 C:/laragon/www/MARIKA_XIPPLG4_17_UAS_PORTOFOLIO/vendor/laravel/framework/src/Illuminate/Container/BoundMethod.php(95): Illuminate/Container/Util::unwrapIfClosure(Object(Closure))
#17 C:/laragon/www/MARIKA_XIPPLG4_17_UAS_PORTOFOLIO/vendor/laravel/framework/src/Illuminate/Container/BoundMethod.php(35): Illuminate/Container/BoundMethod::callBoundMethod(Object(Illuminate/Foundation/Application), Array, Object(Closure))
#18 C:/laragon/www/MARIKA_XIPPLG4_17_UAS_PORTOFOLIO/vendor/laravel/framework/src/Illuminate/Container/Container.php(696): Illuminate/Container/BoundMethod::call(Object(Illuminate/Foundation/Application), Array, Array, NULL)
#19 C:/laragon/www/MARIKA_XIPPLG4_17_UAS_PORTOFOLIO/vendor/laravel/framework/src/Illuminate/Database/Seeder.php(188): Illuminate/Container/Container->call(Array, Array)
#20 C:/laragon/www/MARIKA_XIPPLG4_17_UAS_PORTOFOLIO/vendor/laravel/framework/src/Illuminate/Database/Seeder.php(197): Illuminate/Database/Seeder->{closure:Illuminate/Database/Seeder::__invoke():187}()
#21 C:/laragon/www/MARIKA_XIPPLG4_17_UAS_PORTOFOLIO/vendor/laravel/framework/src/Illuminate/Database/Console/Seeds/SeedCommand.php(70): Illuminate/Database/Seeder->__invoke()
#22 C:/laragon/www/MARIKA_XIPPLG4_17_UAS_PORTOFOLIO/vendor/laravel/framework/src/Illuminate/Database/Eloquent/Concerns/GuardsAttributes.php(155): Illuminate/Database/Console/Seeds/SeedCommand->{closure:Illuminate/Database/Console/Seeds/SeedCommand::handle():69}()
#23 C:/laragon/www/MARIKA_XIPPLG4_17_UAS_PORTOFOLIO/vendor/laravel/framework/src/Illuminate/Database/Console/Seeds/SeedCommand.php(69): Illuminate/Database/Eloquent/Model::unguarded(Object(Closure))
#24 C:/laragon/www/MARIKA_XIPPLG4_17_UAS_PORTOFOLIO/vendor/laravel/framework/src/Illuminate/Container/BoundMethod.php(36): Illuminate/Database/Console/Seeds/SeedCommand->handle()
#25 C:/laragon/www/MARIKA_XIPPLG4_17_UAS_PORTOFOLIO/vendor/laravel/framework/src/Illuminate/Container/Util.php(43): Illuminate/Container/BoundMethod::{closure:Illuminate/Container/BoundMethod::call():35}()
#26 C:/laragon/www/MARIKA_XIPPLG4_17_UAS_PORTOFOLIO/vendor/laravel/framework/src/Illuminate/Container/BoundMethod.php(95): Illuminate/Container/Util::unwrapIfClosure(Object(Closure))
#27 C:/laragon/www/MARIKA_XIPPLG4_17_UAS_PORTOFOLIO/vendor/laravel/framework/src/Illuminate/Container/BoundMethod.php(35): Illuminate/Container/BoundMethod::callBoundMethod(Object(Illuminate/Foundation/Application), Array, Object(Closure))
#28 C:/laragon/www/MARIKA_XIPPLG4_17_UAS_PORTOFOLIO/vendor/laravel/framework/src/Illuminate/Container/Container.php(696): Illuminate/Container/BoundMethod::call(Object(Illuminate/Foundation/Application), Array, Array, NULL)
#29 C:/laragon/www/MARIKA_XIPPLG4_17_UAS_PORTOFOLIO/vendor/laravel/framework/src/Illuminate/Console/Command.php(213): Illuminate/Container/Container->call(Array)
#30 C:/laragon/www/MARIKA_XIPPLG4_17_UAS_PORTOFOLIO/vendor/symfony/console/Command/Command.php(341): Illuminate/Console/Command->execute(Object(Symfony/Component/Console/Input/ArrayInput), Object(Illuminate/Console/OutputStyle))
#31 C:/laragon/www/MARIKA_XIPPLG4_17_UAS_PORTOFOLIO/vendor/laravel/framework/src/Illuminate/Console/Command.php(182): Symfony/Component/Console/Command/Command->run(Object(Symfony/Component/Console/Input/ArrayInput), Object(Illuminate/Console/OutputStyle))
#32 C:/laragon/www/MARIKA_XIPPLG4_17_UAS_PORTOFOLIO/vendor/laravel/framework/src/Illuminate/Console/Concerns/CallsCommands.php(68): Illuminate/Console/Command->run(Object(Symfony/Component/Console/Input/ArrayInput), Object(Illuminate/Console/OutputStyle))
#33 C:/laragon/www/MARIKA_XIPPLG4_17_UAS_PORTOFOLIO/vendor/laravel/framework/src/Illuminate/Console/Concerns/CallsCommands.php(29): Illuminate/Console/Command->runCommand('db:seed', Array, Object(Illuminate/Console/OutputStyle))
#34 C:/laragon/www/MARIKA_XIPPLG4_17_UAS_PORTOFOLIO/vendor/laravel/framework/src/Illuminate/Database/Console/Migrations/FreshCommand.php(122): Illuminate/Console/Command->call('db:seed', Array)
#35 C:/laragon/www/MARIKA_XIPPLG4_17_UAS_PORTOFOLIO/vendor/laravel/framework/src/Illuminate/Database/Console/Migrations/FreshCommand.php(98): Illuminate/Database/Console/Migrations/FreshCommand->runSeeder(NULL)
#36 C:/laragon/www/MARIKA_XIPPLG4_17_UAS_PORTOFOLIO/vendor/laravel/framework/src/Illuminate/Container/BoundMethod.php(36): Illuminate/Database/Console/Migrations/FreshCommand->handle()
#37 C:/laragon/www/MARIKA_XIPPLG4_17_UAS_PORTOFOLIO/vendor/laravel/framework/src/Illuminate/Container/Util.php(43): Illuminate/Container/BoundMethod::{closure:Illuminate/Container/BoundMethod::call():35}()
#38 C:/laragon/www/MARIKA_XIPPLG4_17_UAS_PORTOFOLIO/vendor/laravel/framework/src/Illuminate/Container/BoundMethod.php(95): Illuminate/Container/Util::unwrapIfClosure(Object(Closure))
#39 C:/laragon/www/MARIKA_XIPPLG4_17_UAS_PORTOFOLIO/vendor/laravel/framework/src/Illuminate/Container/BoundMethod.php(35): Illuminate/Container/BoundMethod::callBoundMethod(Object(Illuminate/Foundation/Application), Array, Object(Closure))
#40 C:/laragon/www/MARIKA_XIPPLG4_17_UAS_PORTOFOLIO/vendor/laravel/framework/src/Illuminate/Container/Container.php(696): Illuminate/Container/BoundMethod::call(Object(Illuminate/Foundation/Application), Array, Array, NULL)
#41 C:/laragon/www/MARIKA_XIPPLG4_17_UAS_PORTOFOLIO/vendor/laravel/framework/src/Illuminate/Console/Command.php(213): Illuminate/Container/Container->call(Array)
#42 C:/laragon/www/MARIKA_XIPPLG4_17_UAS_PORTOFOLIO/vendor/symfony/console/Command/Command.php(341): Illuminate/Console/Command->execute(Object(Symfony/Component/Console/Input/ArgvInput), Object(Illuminate/Console/OutputStyle))
#43 C:/laragon/www/MARIKA_XIPPLG4_17_UAS_PORTOFOLIO/vendor/laravel/framework/src/Illuminate/Console/Command.php(182): Symfony/Component/Console/Command/Command->run(Object(Symfony/Component/Console/Input/ArgvInput), Object(Illuminate/Console/OutputStyle))
#44 C:/laragon/www/MARIKA_XIPPLG4_17_UAS_PORTOFOLIO/vendor/symfony/console/Application.php(1117): Illuminate/Console/Command->run(Object(Symfony/Component/Console/Input/ArgvInput), Object(Symfony/Component/Console/Output/ConsoleOutput))
#45 C:/laragon/www/MARIKA_XIPPLG4_17_UAS_PORTOFOLIO/vendor/symfony/console/Application.php(356): Symfony/Component/Console/Application->doRunCommand(Object(Illuminate/Database/Console/Migrations/FreshCommand), Object(Symfony/Component/Console/Input/ArgvInput), Object(Symfony/Component/Console/Output/ConsoleOutput))
#46 C:/laragon/www/MARIKA_XIPPLG4_17_UAS_PORTOFOLIO/vendor/symfony/console/Application.php(195): Symfony/Component/Console/Application->doRun(Object(Symfony/Component/Console/Input/ArgvInput), Object(Symfony/Component/Console/Output/ConsoleOutput))
#47 C:/laragon/www/MARIKA_XIPPLG4_17_UAS_PORTOFOLIO/vendor/laravel/framework/src/Illuminate/Foundation/Console/Kernel.php(198): Symfony/Component/Console/Application->run(Object(Symfony/Component/Console/Input/ArgvInput), Object(Symfony/Component/Console/Output/ConsoleOutput))
#48 C:/laragon/www/MARIKA_XIPPLG4_17_UAS_PORTOFOLIO/vendor/laravel/framework/src/Illuminate/Foundation/Application.php(1235): Illuminate/Foundation/Console/Kernel->handle(Object(Symfony/Component/Console/Input/ArgvInput), Object(Symfony/Component/Console/Output/ConsoleOutput))
#49 C:/laragon/www/MARIKA_XIPPLG4_17_UAS_PORTOFOLIO/artisan(13): Illuminate/Foundation/Application->handleCommand(Object(Symfony/Component/Console/Input/ArgvInput))
#50 {main}

[previous exception] [object] (PDOException(code: 42S22): SQLSTATE[42S22]: Column not found: 1054 Unknown column 'email_verified_at' in 'INSERT INTO' at C:/laragon/www/MARIKA_XIPPLG4_17_UAS_PORTOFOLIO/vendor/laravel/framework/src/Illuminate/Database/MySqlConnection.php:47)
[stacktrace]
#0 C:/laragon/www/MARIKA_XIPPLG4_17_UAS_PORTOFOLIO/vendor/laravel/framework/src/Illuminate/Database/MySqlConnection.php(47): PDO->prepare('insert into `us...')
#1 C:/laragon/www/MARIKA_XIPPLG4_17_UAS_PORTOFOLIO/vendor/laravel/framework/src/Illuminate/Database/Connection.php(812): Illuminate/Database/MySqlConnection->{closure:Illuminate/Database/MySqlConnection::insert():42}('insert into `us...', Array)
#2 C:/laragon/www/MARIKA_XIPPLG4_17_UAS_PORTOFOLIO/vendor/laravel/framework/src/Illuminate/Database/Connection.php(779): Illuminate/Database/Connection->runQueryCallback('insert into `us...', Array, Object(Closure))
#3 C:/laragon/www/MARIKA_XIPPLG4_17_UAS_PORTOFOLIO/vendor/laravel/framework/src/Illuminate/Database/MySqlConnection.php(42): Illuminate/Database/Connection->run('insert into `us...', Array, Object(Closure))
#4 C:/laragon/www/MARIKA_XIPPLG4_17_UAS_PORTOFOLIO/vendor/laravel/framework/src/Illuminate/Database/Query/Processors/MySqlProcessor.php(35): Illuminate/Database/MySqlConnection->insert('insert into `us...', Array, 'id')
#5 C:/laragon/www/MARIKA_XIPPLG4_17_UAS_PORTOFOLIO/vendor/laravel/framework/src/Illuminate/Database/Query/Builder.php(3766): Illuminate/Database/Query/Processors/MySqlProcessor->processInsertGetId(Object(Illuminate/Database/Query/Builder), 'insert into `us...', Array, 'id')
#6 C:/laragon/www/MARIKA_XIPPLG4_17_UAS_PORTOFOLIO/vendor/laravel/framework/src/Illuminate/Database/Eloquent/Builder.php(2120): Illuminate/Database/Query/Builder->insertGetId(Array, 'id')
#7 C:/laragon/www/MARIKA_XIPPLG4_17_UAS_PORTOFOLIO/vendor/laravel/framework/src/Illuminate/Database/Eloquent/Model.php(1359): Illuminate/Database/Eloquent/Builder->__call('insertGetId', Array)
#8 C:/laragon/www/MARIKA_XIPPLG4_17_UAS_PORTOFOLIO/vendor/laravel/framework/src/Illuminate/Database/Eloquent/Model.php(1324): Illuminate/Database/Eloquent/Model->insertAndSetId(Object(Illuminate/Database/Eloquent/Builder), Array)
#9 C:/laragon/www/MARIKA_XIPPLG4_17_UAS_PORTOFOLIO/vendor/laravel/framework/src/Illuminate/Database/Eloquent/Model.php(1163): Illuminate/Database/Eloquent/Model->performInsert(Object(Illuminate/Database/Eloquent/Builder))
#10 C:/laragon/www/MARIKA_XIPPLG4_17_UAS_PORTOFOLIO/vendor/laravel/framework/src/Illuminate/Database/Eloquent/Factories/Factory.php(352): Illuminate/Database/Eloquent/Model->save()
#11 C:/laragon/www/MARIKA_XIPPLG4_17_UAS_PORTOFOLIO/vendor/laravel/framework/src/Illuminate/Collections/Traits/EnumeratesValues.php(261): Illuminate/Database/Eloquent/Factories/Factory->{closure:Illuminate/Database/Eloquent/Factories/Factory::store():347}(Object(App/Models/User), 0)
#12 C:/laragon/www/MARIKA_XIPPLG4_17_UAS_PORTOFOLIO/vendor/laravel/framework/src/Illuminate/Database/Eloquent/Factories/Factory.php(347): Illuminate/Support/Collection->each(Object(Closure))
#13 C:/laragon/www/MARIKA_XIPPLG4_17_UAS_PORTOFOLIO/vendor/laravel/framework/src/Illuminate/Database/Eloquent/Factories/Factory.php(303): Illuminate/Database/Eloquent/Factories/Factory->store(Object(Illuminate/Support/Collection))
#14 C:/laragon/www/MARIKA_XIPPLG4_17_UAS_PORTOFOLIO/vendor/laravel/framework/src/Illuminate/Database/Eloquent/Factories/Factory.php(297): Illuminate/Database/Eloquent/Factories/Factory->create(Array, NULL)
#15 C:/laragon/www/MARIKA_XIPPLG4_17_UAS_PORTOFOLIO/database/seeders/DatabaseSeeder.php(18): Illuminate/Database/Eloquent/Factories/Factory->create(Array)
#16 C:/laragon/www/MARIKA_XIPPLG4_17_UAS_PORTOFOLIO/vendor/laravel/framework/src/Illuminate/Container/BoundMethod.php(36): Database/Seeders/DatabaseSeeder->run()
#17 C:/laragon/www/MARIKA_XIPPLG4_17_UAS_PORTOFOLIO/vendor/laravel/framework/src/Illuminate/Container/Util.php(43): Illuminate/Container/BoundMethod::{closure:Illuminate/Container/BoundMethod::call():35}()
#18 C:/laragon/www/MARIKA_XIPPLG4_17_UAS_PORTOFOLIO/vendor/laravel/framework/src/Illuminate/Container/BoundMethod.php(95): Illuminate/Container/Util::unwrapIfClosure(Object(Closure))
#19 C:/laragon/www/MARIKA_XIPPLG4_17_UAS_PORTOFOLIO/vendor/laravel/framework/src/Illuminate/Container/BoundMethod.php(35): Illuminate/Container/BoundMethod::callBoundMethod(Object(Illuminate/Foundation/Application), Array, Object(Closure))
#20 C:/laragon/www/MARIKA_XIPPLG4_17_UAS_PORTOFOLIO/vendor/laravel/framework/src/Illuminate/Container/Container.php(696): Illuminate/Container/BoundMethod::call(Object(Illuminate/Foundation/Application), Array, Array, NULL)
#21 C:/laragon/www/MARIKA_XIPPLG4_17_UAS_PORTOFOLIO/vendor/laravel/framework/src/Illuminate/Database/Seeder.php(188): Illuminate/Container/Container->call(Array, Array)
#22 C:/laragon/www/MARIKA_XIPPLG4_17_UAS_PORTOFOLIO/vendor/laravel/framework/src/Illuminate/Database/Seeder.php(197): Illuminate/Database/Seeder->{closure:Illuminate/Database/Seeder::__invoke():187}()
#23 C:/laragon/www/MARIKA_XIPPLG4_17_UAS_PORTOFOLIO/vendor/laravel/framework/src/Illuminate/Database/Console/Seeds/SeedCommand.php(70): Illuminate/Database/Seeder->__invoke()
#24 C:/laragon/www/MARIKA_XIPPLG4_17_UAS_PORTOFOLIO/vendor/laravel/framework/src/Illuminate/Database/Eloquent/Concerns/GuardsAttributes.php(155): Illuminate/Database/Console/Seeds/SeedCommand->{closure:Illuminate/Database/Console/Seeds/SeedCommand::handle():69}()
#25 C:/laragon/www/MARIKA_XIPPLG4_17_UAS_PORTOFOLIO/vendor/laravel/framework/src/Illuminate/Database/Console/Seeds/SeedCommand.php(69): Illuminate/Database/Eloquent/Model::unguarded(Object(Closure))
#26 C:/laragon/www/MARIKA_XIPPLG4_17_UAS_PORTOFOLIO/vendor/laravel/framework/src/Illuminate/Container/BoundMethod.php(36): Illuminate/Database/Console/Seeds/SeedCommand->handle()
#27 C:/laragon/www/MARIKA_XIPPLG4_17_UAS_PORTOFOLIO/vendor/laravel/framework/src/Illuminate/Container/Util.php(43): Illuminate/Container/BoundMethod::{closure:Illuminate/Container/BoundMethod::call():35}()
#28 C:/laragon/www/MARIKA_XIPPLG4_17_UAS_PORTOFOLIO/vendor/laravel/framework/src/Illuminate/Container/BoundMethod.php(95): Illuminate/Container/Util::unwrapIfClosure(Object(Closure))
#29 C:/laragon/www/MARIKA_XIPPLG4_17_UAS_PORTOFOLIO/vendor/laravel/framework/src/Illuminate/Container/BoundMethod.php(35): Illuminate/Container/BoundMethod::callBoundMethod(Object(Illuminate/Foundation/Application), Array, Object(Closure))
#30 C:/laragon/www/MARIKA_XIPPLG4_17_UAS_PORTOFOLIO/vendor/laravel/framework/src/Illuminate/Container/Container.php(696): Illuminate/Container/BoundMethod::call(Object(Illuminate/Foundation/Application), Array, Array, NULL)
#31 C:/laragon/www/MARIKA_XIPPLG4_17_UAS_PORTOFOLIO/vendor/laravel/framework/src/Illuminate/Console/Command.php(213): Illuminate/Container/Container->call(Array)
#32 C:/laragon/www/MARIKA_XIPPLG4_17_UAS_PORTOFOLIO/vendor/symfony/console/Command/Command.php(341): Illuminate/Console/Command->execute(Object(Symfony/Component/Console/Input/ArrayInput), Object(Illuminate/Console/OutputStyle))
#33 C:/laragon/www/MARIKA_XIPPLG4_17_UAS_PORTOFOLIO/vendor/laravel/framework/src/Illuminate/Console/Command.php(182): Symfony/Component/Console/Command/Command->run(Object(Symfony/Component/Console/Input/ArrayInput), Object(Illuminate/Console/OutputStyle))
#34 C:/laragon/www/MARIKA_XIPPLG4_17_UAS_PORTOFOLIO/vendor/laravel/framework/src/Illuminate/Console/Concerns/CallsCommands.php(68): Illuminate/Console/Command->run(Object(Symfony/Component/Console/Input/ArrayInput), Object(Illuminate/Console/OutputStyle))
#35 C:/laragon/www/MARIKA_XIPPLG4_17_UAS_PORTOFOLIO/vendor/laravel/framework/src/Illuminate/Console/Concerns/CallsCommands.php(29): Illuminate/Console/Command->runCommand('db:seed', Array, Object(Illuminate/Console/OutputStyle))
#36 C:/laragon/www/MARIKA_XIPPLG4_17_UAS_PORTOFOLIO/vendor/laravel/framework/src/Illuminate/Database/Console/Migrations/FreshCommand.php(122): Illuminate/Console/Command->call('db:seed', Array)
#37 C:/laragon/www/MARIKA_XIPPLG4_17_UAS_PORTOFOLIO/vendor/laravel/framework/src/Illuminate/Database/Console/Migrations/FreshCommand.php(98): Illuminate/Database/Console/Migrations/FreshCommand->runSeeder(NULL)
#38 C:/laragon/www/MARIKA_XIPPLG4_17_UAS_PORTOFOLIO/vendor/laravel/framework/src/Illuminate/Container/BoundMethod.php(36): Illuminate/Database/Console/Migrations/FreshCommand->handle()
#39 C:/laragon/www/MARIKA_XIPPLG4_17_UAS_PORTOFOLIO/vendor/laravel/framework/src/Illuminate/Container/Util.php(43): Illuminate/Container/BoundMethod::{closure:Illuminate/Container/BoundMethod::call():35}()
#40 C:/laragon/www/MARIKA_XIPPLG4_17_UAS_PORTOFOLIO/vendor/laravel/framework/src/Illuminate/Container/BoundMethod.php(95): Illuminate/Container/Util::unwrapIfClosure(Object(Closure))
#41 C:/laragon/www/MARIKA_XIPPLG4_17_UAS_PORTOFOLIO/vendor/laravel/framework/src/Illuminate/Container/BoundMethod.php(35): Illuminate/Container/BoundMethod::callBoundMethod(Object(Illuminate/Foundation/Application), Array, Object(Closure))
#42 C:/laragon/www/MARIKA_XIPPLG4_17_UAS_PORTOFOLIO/vendor/laravel/framework/src/Illuminate/Container/Container.php(696): Illuminate/Container/BoundMethod::call(Object(Illuminate/Foundation/Application), Array, Array, NULL)
#43 C:/laragon/www/MARIKA_XIPPLG4_17_UAS_PORTOFOLIO/vendor/laravel/framework/src/Illuminate/Console/Command.php(213): Illuminate/Container/Container->call(Array)
#44 C:/laragon/www/MARIKA_XIPPLG4_17_UAS_PORTOFOLIO/vendor/symfony/console/Command/Command.php(341): Illuminate/Console/Command->execute(Object(Symfony/Component/Console/Input/ArgvInput), Object(Illuminate/Console/OutputStyle))
#45 C:/laragon/www/MARIKA_XIPPLG4_17_UAS_PORTOFOLIO/vendor/laravel/framework/src/Illuminate/Console/Command.php(182): Symfony/Component/Console/Command/Command->run(Object(Symfony/Component/Console/Input/ArgvInput), Object(Illuminate/Console/OutputStyle))
#46 C:/laragon/www/MARIKA_XIPPLG4_17_UAS_PORTOFOLIO/vendor/symfony/console/Application.php(1117): Illuminate/Console/Command->run(Object(Symfony/Component/Console/Input/ArgvInput), Object(Symfony/Component/Console/Output/ConsoleOutput))
#47 C:/laragon/www/MARIKA_XIPPLG4_17_UAS_PORTOFOLIO/vendor/symfony/console/Application.php(356): Symfony/Component/Console/Application->doRunCommand(Object(Illuminate/Database/Console/Migrations/FreshCommand), Object(Symfony/Component/Console/Input/ArgvInput), Object(Symfony/Component/Console/Output/ConsoleOutput))
#48 C:/laragon/www/MARIKA_XIPPLG4_17_UAS_PORTOFOLIO/vendor/symfony/console/Application.php(195): Symfony/Component/Console/Application->doRun(Object(Symfony/Component/Console/Input/ArgvInput), Object(Symfony/Component/Console/Output/ConsoleOutput))
#49 C:/laragon/www/MARIKA_XIPPLG4_17_UAS_PORTOFOLIO/vendor/laravel/framework/src/Illuminate/Foundation/Console/Kernel.php(198): Symfony/Component/Console/Application->run(Object(Symfony/Component/Console/Input/ArgvInput), Object(Symfony/Component/Console/Output/ConsoleOutput))
#50 C:/laragon/www/MARIKA_XIPPLG4_17_UAS_PORTOFOLIO/vendor/laravel/framework/src/Illuminate/Foundation/Application.php(1235): Illuminate/Foundation/Console/Kernel->handle(Object(Symfony/Component/Console/Input/ArgvInput), Object(Symfony/Component/Console/Output/ConsoleOutput))
#51 C:/laragon/www/MARIKA_XIPPLG4_17_UAS_PORTOFOLIO/artisan(13): Illuminate/Foundation/Application->handleCommand(Object(Symfony/Component/Console/Input/ArgvInput))
#52 {main}
"} 
[2026-09-01 11:27:18] local.ERROR: No application encryption key has been specified. {"exception":"[object] (Illuminate\\Encryption\\MissingAppKeyException(code: 0): No application encryption key has been specified. at C:/laragon/www/MARIKA_XIPPLG4_17_UAS_PORTOFOLIO/vendor/laravel/framework/src/Illuminate/Encryption/EncryptionServiceProvider.php:83)
[stacktrace]
#0 C:/laragon/www/MARIKA_XIPPLG4_17_UAS_PORTOFOLIO/vendor/laravel/framework/src/Illuminate/Support/helpers.php(399): Illuminate/Encryption/EncryptionServiceProvider->{closure:Illuminate/Encryption/EncryptionServiceProvider::key():81}('')
#1 C:/laragon/www/MARIKA_XIPPLG4_17_UAS_PORTOFOLIO/vendor/laravel/framework/src/Illuminate/Encryption/EncryptionServiceProvider.php(81): tap('', Object(Closure))
#2 C:/laragon/www/MARIKA_XIPPLG4_17_UAS_PORTOFOLIO/vendor/laravel/framework/src/Illuminate/Encryption/EncryptionServiceProvider.php(64): Illuminate/Encryption/EncryptionServiceProvider->key(Array)
#3 C:/laragon/www/MARIKA_XIPPLG4_17_UAS_PORTOFOLIO/vendor/laravel/framework/src/Illuminate/Encryption/EncryptionServiceProvider.php(32): Illuminate/Encryption/EncryptionServiceProvider->parseKey(Array)
#4 C:/laragon/www/MARIKA_XIPPLG4_17_UAS_PORTOFOLIO/vendor/laravel/framework/src/Illuminate/Container/Container.php(952): Illuminate/Encryption/EncryptionServiceProvider->{closure:Illuminate/Encryption/EncryptionServiceProvider::registerEncrypter():29}(Object(Illuminate/Foundation/Application), Array)
#5 C:/laragon/www/MARIKA_XIPPLG4_17_UAS_PORTOFOLIO/vendor/laravel/framework/src/Illuminate/Container/Container.php(832): Illuminate/Container/Container->build(Object(Closure))
#6 C:/laragon/www/MARIKA_XIPPLG4_17_UAS_PORTOFOLIO/vendor/laravel/framework/src/Illuminate/Foundation/Application.php(1078): Illuminate/Container/Container->resolve('encrypter', Array, true)
#7 C:/laragon/www/MARIKA_XIPPLG4_17_UAS_PORTOFOLIO/vendor/laravel/framework/src/Illuminate/Container/Container.php(763): Illuminate/Foundation/Application->resolve('encrypter', Array)
#8 C:/laragon/www/MARIKA_XIPPLG4_17_UAS_PORTOFOLIO/vendor/laravel/framework/src/Illuminate/Foundation/Application.php(1058): Illuminate/Container/Container->make('encrypter', Array)
#9 C:/laragon/www/MARIKA_XIPPLG4_17_UAS_PORTOFOLIO/vendor/laravel/framework/src/Illuminate/Container/Container.php(1133): Illuminate/Foundation/Application->make('encrypter')
#10 C:/laragon/www/MARIKA_XIPPLG4_17_UAS_PORTOFOLIO/vendor/laravel/framework/src/Illuminate/Container/Container.php(1043): Illuminate/Container/Container->resolveClass(Object(ReflectionParameter))
#11 C:/laragon/www/MARIKA_XIPPLG4_17_UAS_PORTOFOLIO/vendor/laravel/framework/src/Illuminate/Container/Container.php(994): Illuminate/Container/Container->resolveDependencies(Array)
#12 C:/laragon/www/MARIKA_XIPPLG4_17_UAS_PORTOFOLIO/vendor/laravel/framework/src/Illuminate/Container/Container.php(832): Illuminate/Container/Container->build('Illuminate//Cook...')
#13 C:/laragon/www/MARIKA_XIPPLG4_17_UAS_PORTOFOLIO/vendor/laravel/framework/src/Illuminate/Foundation/Application.php(1078): Illuminate/Container/Container->resolve('Illuminate//Cook...', Array, true)
#14 C:/laragon/www/MARIKA_XIPPLG4_17_UAS_PORTOFOLIO/vendor/laravel/framework/src/Illuminate/Container/Container.php(763): Illuminate/Foundation/Application->resolve('Illuminate//Cook...', Array)
#15 C:/laragon/www/MARIKA_XIPPLG4_17_UAS_PORTOFOLIO/vendor/laravel/framework/src/Illuminate/Foundation/Application.php(1058): Illuminate/Container/Container->make('Illuminate//Cook...', Array)
#16 C:/laragon/www/MARIKA_XIPPLG4_17_UAS_PORTOFOLIO/vendor/laravel/framework/src/Illuminate/Pipeline/Pipeline.php(198): Illuminate/Foundation/Application->make('Illuminate//Cook...')
#17 C:/laragon/www/MARIKA_XIPPLG4_17_UAS_PORTOFOLIO/vendor/laravel/framework/src/Illuminate/Pipeline/Pipeline.php(127): Illuminate/Pipeline/Pipeline->{closure:{closure:Illuminate/Pipeline/Pipeline::carry():184}:185}(Object(Illuminate/Http/Request))
#18 C:/laragon/www/MARIKA_XIPPLG4_17_UAS_PORTOFOLIO/vendor/laravel/framework/src/Illuminate/Routing/Router.php(807): Illuminate/Pipeline/Pipeline->then(Object(Closure))
#19 C:/laragon/www/MARIKA_XIPPLG4_17_UAS_PORTOFOLIO/vendor/laravel/framework/src/Illuminate/Routing/Router.php(786): Illuminate/Routing/Router->runRouteWithinStack(Object(Illuminate/Routing/Route), Object(Illuminate/Http/Request))
#20 C:/laragon/www/MARIKA_XIPPLG4_17_UAS_PORTOFOLIO/vendor/laravel/framework/src/Illuminate/Routing/Router.php(750): Illuminate/Routing/Router->runRoute(Object(Illuminate/Http/Request), Object(Illuminate/Routing/Route))
#21 C:/laragon/www/MARIKA_XIPPLG4_17_UAS_PORTOFOLIO/vendor/laravel/framework/src/Illuminate/Routing/Router.php(739): Illuminate/Routing/Router->dispatchToRoute(Object(Illuminate/Http/Request))
#22 C:/laragon/www/MARIKA_XIPPLG4_17_UAS_PORTOFOLIO/vendor/laravel/framework/src/Illuminate/Foundation/Http/Kernel.php(201): Illuminate/Routing/Router->dispatch(Object(Illuminate/Http/Request))
#23 C:/laragon/www/MARIKA_XIPPLG4_17_UAS_PORTOFOLIO/vendor/laravel/framework/src/Illuminate/Pipeline/Pipeline.php(170): Illuminate/Foundation/Http/Kernel->{closure:Illuminate/Foundation/Http/Kernel::dispatchToRouter():198}(Object(Illuminate/Http/Request))
#24 C:/laragon/www/MARIKA_XIPPLG4_17_UAS_PORTOFOLIO/vendor/laravel/framework/src/Illuminate/Foundation/Http/Middleware/TransformsRequest.php(21): Illuminate/Pipeline/Pipeline->{closure:Illuminate/Pipeline/Pipeline::prepareDestination():168}(Object(Illuminate/Http/Request))
#25 C:/laragon/www/MARIKA_XIPPLG4_17_UAS_PORTOFOLIO/vendor/laravel/framework/src/Illuminate/Foundation/Http/Middleware/ConvertEmptyStringsToNull.php(31): Illuminate/Foundation/Http/Middleware/TransformsRequest->handle(Object(Illuminate/Http/Request), Object(Closure))
#26 C:/laragon/www/MARIKA_XIPPLG4_17_UAS_PORTOFOLIO/vendor/laravel/framework/src/Illuminate/Pipeline/Pipeline.php(209): Illuminate/Foundation/Http/Middleware/ConvertEmptyStringsToNull->handle(Object(Illuminate/Http/Request), Object(Closure))
#27 C:/laragon/www/MARIKA_XIPPLG4_17_UAS_PORTOFOLIO/vendor/laravel/framework/src/Illuminate/Foundation/Http/Middleware/TransformsRequest.php(21): Illuminate/Pipeline/Pipeline->{closure:{closure:Illuminate/Pipeline/Pipeline::carry():184}:185}(Object(Illuminate/Http/Request))
#28 C:/laragon/www/MARIKA_XIPPLG4_17_UAS_PORTOFOLIO/vendor/laravel/framework/src/Illuminate/Foundation/Http/Middleware/TrimStrings.php(51): Illuminate/Foundation/Http/Middleware/TransformsRequest->handle(Object(Illuminate/Http/Request), Object(Closure))
#29 C:/laragon/www/MARIKA_XIPPLG4_17_UAS_PORTOFOLIO/vendor/laravel/framework/src/Illuminate/Pipeline/Pipeline.php(209): Illuminate/Foundation/Http/Middleware/TrimStrings->handle(Object(Illuminate/Http/Request), Object(Closure))
#30 C:/laragon/www/MARIKA_XIPPLG4_17_UAS_PORTOFOLIO/vendor/laravel/framework/src/Illuminate/Http/Middleware/ValidatePostSize.php(27): Illuminate/Pipeline/Pipeline->{closure:{closure:Illuminate/Pipeline/Pipeline::carry():184}:185}(Object(Illuminate/Http/Request))
#31 C:/laragon/www/MARIKA_XIPPLG4_17_UAS_PORTOFOLIO/vendor/laravel/framework/src/Illuminate/Pipeline/Pipeline.php(209): Illuminate/Http/Middleware/ValidatePostSize->handle(Object(Illuminate/Http/Request), Object(Closure))
#32 C:/laragon/www/MARIKA_XIPPLG4_17_UAS_PORTOFOLIO/vendor/laravel/framework/src/Illuminate/Foundation/Http/Middleware/PreventRequestsDuringMaintenance.php(110): Illuminate/Pipeline/Pipeline->{closure:{closure:Illuminate/Pipeline/Pipeline::carry():184}:185}(Object(Illuminate/Http/Request))
#33 C:/laragon/www/MARIKA_XIPPLG4_17_UAS_PORTOFOLIO/vendor/laravel/framework/src/Illuminate/Pipeline/Pipeline.php(209): Illuminate/Foundation/Http/Middleware/PreventRequestsDuringMaintenance->handle(Object(Illuminate/Http/Request), Object(Closure))
#34 C:/laragon/www/MARIKA_XIPPLG4_17_UAS_PORTOFOLIO/vendor/laravel/framework/src/Illuminate/Http/Middleware/HandleCors.php(49): Illuminate/Pipeline/Pipeline->{closure:{closure:Illuminate/Pipeline/Pipeline::carry():184}:185}(Object(Illuminate/Http/Request))
#35 C:/laragon/www/MARIKA_XIPPLG4_17_UAS_PORTOFOLIO/vendor/laravel/framework/src/Illuminate/Pipeline/Pipeline.php(209): Illuminate/Http/Middleware/HandleCors->handle(Object(Illuminate/Http/Request), Object(Closure))
#36 C:/laragon/www/MARIKA_XIPPLG4_17_UAS_PORTOFOLIO/vendor/laravel/framework/src/Illuminate/Http/Middleware/TrustProxies.php(58): Illuminate/Pipeline/Pipeline->{closure:{closure:Illuminate/Pipeline/Pipeline::carry():184}:185}(Object(Illuminate/Http/Request))
#37 C:/laragon/www/MARIKA_XIPPLG4_17_UAS_PORTOFOLIO/vendor/laravel/framework/src/Illuminate/Pipeline/Pipeline.php(209): Illuminate/Http/Middleware/TrustProxies->handle(Object(Illuminate/Http/Request), Object(Closure))
#38 C:/laragon/www/MARIKA_XIPPLG4_17_UAS_PORTOFOLIO/vendor/laravel/framework/src/Illuminate/Foundation/Http/Middleware/InvokeDeferredCallbacks.php(22): Illuminate/Pipeline/Pipeline->{closure:{closure:Illuminate/Pipeline/Pipeline::carry():184}:185}(Object(Illuminate/Http/Request))
#39 C:/laragon/www/MARIKA_XIPPLG4_17_UAS_PORTOFOLIO/vendor/laravel/framework/src/Illuminate/Pipeline/Pipeline.php(209): Illuminate/Foundation/Http/Middleware/InvokeDeferredCallbacks->handle(Object(Illuminate/Http/Request), Object(Closure))
#40 C:/laragon/www/MARIKA_XIPPLG4_17_UAS_PORTOFOLIO/vendor/laravel/framework/src/Illuminate/Pipeline/Pipeline.php(127): Illuminate/Pipeline/Pipeline->{closure:{closure:Illuminate/Pipeline/Pipeline::carry():184}:185}(Object(Illuminate/Http/Request))
#41 C:/laragon/www/MARIKA_XIPPLG4_17_UAS_PORTOFOLIO/vendor/laravel/framework/src/Illuminate/Foundation/Http/Kernel.php(176): Illuminate/Pipeline/Pipeline->then(Object(Closure))
#42 C:/laragon/www/MARIKA_XIPPLG4_17_UAS_PORTOFOLIO/vendor/laravel/framework/src/Illuminate/Foundation/Http/Kernel.php(145): Illuminate/Foundation/Http/Kernel->sendRequestThroughRouter(Object(Illuminate/Http/Request))
#43 C:/laragon/www/MARIKA_XIPPLG4_17_UAS_PORTOFOLIO/vendor/laravel/framework/src/Illuminate/Foundation/Application.php(1220): Illuminate/Foundation/Http/Kernel->handle(Object(Illuminate/Http/Request))
#44 C:/laragon/www/MARIKA_XIPPLG4_17_UAS_PORTOFOLIO/public/index.php(17): Illuminate/Foundation/Application->handleRequest(Object(Illuminate/Http/Request))
#45 C:/laragon/www/MARIKA_XIPPLG4_17_UAS_PORTOFOLIO/vendor/laravel/framework/src/Illuminate/Foundation/resources/server.php(23): require_once('C://laragon//www//...')
#46 {main}
"} 
[2026-09-01 11:27:20] local.ERROR: No application encryption key has been specified. {"exception":"[object] (Illuminate\\Encryption\\MissingAppKeyException(code: 0): No application encryption key has been specified. at C:/laragon/www/MARIKA_XIPPLG4_17_UAS_PORTOFOLIO/vendor/laravel/framework/src/Illuminate/Encryption/EncryptionServiceProvider.php:83)
[stacktrace]
#0 C:/laragon/www/MARIKA_XIPPLG4_17_UAS_PORTOFOLIO/vendor/laravel/framework/src/Illuminate/Support/helpers.php(399): Illuminate/Encryption/EncryptionServiceProvider->{closure:Illuminate/Encryption/EncryptionServiceProvider::key():81}('')
#1 C:/laragon/www/MARIKA_XIPPLG4_17_UAS_PORTOFOLIO/vendor/laravel/framework/src/Illuminate/Encryption/EncryptionServiceProvider.php(81): tap('', Object(Closure))
#2 C:/laragon/www/MARIKA_XIPPLG4_17_UAS_PORTOFOLIO/vendor/laravel/framework/src/Illuminate/Encryption/EncryptionServiceProvider.php(64): Illuminate/Encryption/EncryptionServiceProvider->key(Array)
#3 C:/laragon/www/MARIKA_XIPPLG4_17_UAS_PORTOFOLIO/vendor/laravel/framework/src/Illuminate/Encryption/EncryptionServiceProvider.php(32): Illuminate/Encryption/EncryptionServiceProvider->parseKey(Array)
#4 C:/laragon/www/MARIKA_XIPPLG4_17_UAS_PORTOFOLIO/vendor/laravel/framework/src/Illuminate/Container/Container.php(952): Illuminate/Encryption/EncryptionServiceProvider->{closure:Illuminate/Encryption/EncryptionServiceProvider::registerEncrypter():29}(Object(Illuminate/Foundation/Application), Array)
#5 C:/laragon/www/MARIKA_XIPPLG4_17_UAS_PORTOFOLIO/vendor/laravel/framework/src/Illuminate/Container/Container.php(832): Illuminate/Container/Container->build(Object(Closure))
#6 C:/laragon/www/MARIKA_XIPPLG4_17_UAS_PORTOFOLIO/vendor/laravel/framework/src/Illuminate/Foundation/Application.php(1078): Illuminate/Container/Container->resolve('encrypter', Array, true)
#7 C:/laragon/www/MARIKA_XIPPLG4_17_UAS_PORTOFOLIO/vendor/laravel/framework/src/Illuminate/Container/Container.php(763): Illuminate/Foundation/Application->resolve('encrypter', Array)
#8 C:/laragon/www/MARIKA_XIPPLG4_17_UAS_PORTOFOLIO/vendor/laravel/framework/src/Illuminate/Foundation/Application.php(1058): Illuminate/Container/Container->make('encrypter', Array)
#9 C:/laragon/www/MARIKA_XIPPLG4_17_UAS_PORTOFOLIO/vendor/laravel/framework/src/Illuminate/Container/Container.php(1133): Illuminate/Foundation/Application->make('encrypter')
#10 C:/laragon/www/MARIKA_XIPPLG4_17_UAS_PORTOFOLIO/vendor/laravel/framework/src/Illuminate/Container/Container.php(1043): Illuminate/Container/Container->resolveClass(Object(ReflectionParameter))
#11 C:/laragon/www/MARIKA_XIPPLG4_17_UAS_PORTOFOLIO/vendor/laravel/framework/src/Illuminate/Container/Container.php(994): Illuminate/Container/Container->resolveDependencies(Array)
#12 C:/laragon/www/MARIKA_XIPPLG4_17_UAS_PORTOFOLIO/vendor/laravel/framework/src/Illuminate/Container/Container.php(832): Illuminate/Container/Container->build('Illuminate//Cook...')
#13 C:/laragon/www/MARIKA_XIPPLG4_17_UAS_PORTOFOLIO/vendor/laravel/framework/src/Illuminate/Foundation/Application.php(1078): Illuminate/Container/Container->resolve('Illuminate//Cook...', Array, true)
#14 C:/laragon/www/MARIKA_XIPPLG4_17_UAS_PORTOFOLIO/vendor/laravel/framework/src/Illuminate/Container/Container.php(763): Illuminate/Foundation/Application->resolve('Illuminate//Cook...', Array)
#15 C:/laragon/www/MARIKA_XIPPLG4_17_UAS_PORTOFOLIO/vendor/laravel/framework/src/Illuminate/Foundation/Application.php(1058): Illuminate/Container/Container->make('Illuminate//Cook...', Array)
#16 C:/laragon/www/MARIKA_XIPPLG4_17_UAS_PORTOFOLIO/vendor/laravel/framework/src/Illuminate/Foundation/Http/Kernel.php(258): Illuminate/Foundation/Application->make('Illuminate//Cook...')
#17 C:/laragon/www/MARIKA_XIPPLG4_17_UAS_PORTOFOLIO/vendor/laravel/framework/src/Illuminate/Foundation/Http/Kernel.php(216): Illuminate/Foundation/Http/Kernel->terminateMiddleware(Object(Illuminate/Http/Request), Object(Illuminate/Http/Response))
#18 C:/laragon/www/MARIKA_XIPPLG4_17_UAS_PORTOFOLIO/vendor/laravel/framework/src/Illuminate/Foundation/Application.php(1222): Illuminate/Foundation/Http/Kernel->terminate(Object(Illuminate/Http/Request), Object(Illuminate/Http/Response))
#19 C:/laragon/www/MARIKA_XIPPLG4_17_UAS_PORTOFOLIO/public/index.php(17): Illuminate/Foundation/Application->handleRequest(Object(Illuminate/Http/Request))
#20 C:/laragon/www/MARIKA_XIPPLG4_17_UAS_PORTOFOLIO/vendor/laravel/framework/src/Illuminate/Foundation/resources/server.php(23): require_once('C://laragon//www//...')
#21 {main}
"} 
[2026-09-01 11:36:02] local.ERROR: This password does not use the Bcrypt algorithm. {"exception":"[object] (RuntimeException(code: 0): This password does not use the Bcrypt algorithm. at C:/laragon/www/MARIKA_XIPPLG4_17_UAS_PORTOFOLIO/vendor/laravel/framework/src/Illuminate/Hashing/BcryptHasher.php:76)
[stacktrace]
#0 C:/laragon/www/MARIKA_XIPPLG4_17_UAS_PORTOFOLIO/vendor/laravel/framework/src/Illuminate/Hashing/HashManager.php(76): Illuminate/Hashing/BcryptHasher->check(Object(SensitiveParameterValue), '123456', Array)
#1 C:/laragon/www/MARIKA_XIPPLG4_17_UAS_PORTOFOLIO/vendor/laravel/framework/src/Illuminate/Auth/EloquentUserProvider.php(159): Illuminate/Hashing/HashManager->check(Object(SensitiveParameterValue), '123456')
#2 C:/laragon/www/MARIKA_XIPPLG4_17_UAS_PORTOFOLIO/vendor/laravel/framework/src/Illuminate/Auth/SessionGuard.php(482): Illuminate/Auth/EloquentUserProvider->validateCredentials(Object(App/Models/User), Object(SensitiveParameterValue))
#3 C:/laragon/www/MARIKA_XIPPLG4_17_UAS_PORTOFOLIO/vendor/laravel/framework/src/Illuminate/Auth/SessionGuard.php(420): Illuminate/Auth/SessionGuard->hasValidCredentials(Object(App/Models/User), Array)
#4 C:/laragon/www/MARIKA_XIPPLG4_17_UAS_PORTOFOLIO/vendor/laravel/framework/src/Illuminate/Support/Timebox.php(34): Illuminate/Auth/SessionGuard->{closure:Illuminate/Auth/SessionGuard::attempt():412}(Object(Illuminate/Support/Timebox))
#5 C:/laragon/www/MARIKA_XIPPLG4_17_UAS_PORTOFOLIO/vendor/laravel/framework/src/Illuminate/Auth/SessionGuard.php(412): Illuminate/Support/Timebox->call(Object(Closure), 200000)
#6 C:/laragon/www/MARIKA_XIPPLG4_17_UAS_PORTOFOLIO/vendor/laravel/framework/src/Illuminate/Auth/AuthManager.php(340): Illuminate/Auth/SessionGuard->attempt(Array)
#7 C:/laragon/www/MARIKA_XIPPLG4_17_UAS_PORTOFOLIO/vendor/laravel/framework/src/Illuminate/Support/Facades/Facade.php(361): Illuminate/Auth/AuthManager->__call('attempt', Array)
#8 C:/laragon/www/MARIKA_XIPPLG4_17_UAS_PORTOFOLIO/app/Http/Controllers/LoginController.php(22): Illuminate/Support/Facades/Facade::__callStatic('attempt', Array)
#9 C:/laragon/www/MARIKA_XIPPLG4_17_UAS_PORTOFOLIO/vendor/laravel/framework/src/Illuminate/Routing/ControllerDispatcher.php(47): App/Http/Controllers/LoginController->authenticate(Object(Illuminate/Http/Request))
#10 C:/laragon/www/MARIKA_XIPPLG4_17_UAS_PORTOFOLIO/vendor/laravel/framework/src/Illuminate/Routing/Route.php(266): Illuminate/Routing/ControllerDispatcher->dispatch(Object(Illuminate/Routing/Route), Object(App/Http/Controllers/LoginController), 'authenticate')
#11 C:/laragon/www/MARIKA_XIPPLG4_17_UAS_PORTOFOLIO/vendor/laravel/framework/src/Illuminate/Routing/Route.php(212): Illuminate/Routing/Route->runController()
#12 C:/laragon/www/MARIKA_XIPPLG4_17_UAS_PORTOFOLIO/vendor/laravel/framework/src/Illuminate/Routing/Router.php(808): Illuminate/Routing/Route->run()
#13 C:/laragon/www/MARIKA_XIPPLG4_17_UAS_PORTOFOLIO/vendor/laravel/framework/src/Illuminate/Pipeline/Pipeline.php(170): Illuminate/Routing/Router->{closure:Illuminate/Routing/Router::runRouteWithinStack():807}(Object(Illuminate/Http/Request))
#14 C:/laragon/www/MARIKA_XIPPLG4_17_UAS_PORTOFOLIO/vendor/laravel/framework/src/Illuminate/Routing/Middleware/SubstituteBindings.php(51): Illuminate/Pipeline/Pipeline->{closure:Illuminate/Pipeline/Pipeline::prepareDestination():168}(Object(Illuminate/Http/Request))
#15 C:/laragon/www/MARIKA_XIPPLG4_17_UAS_PORTOFOLIO/vendor/laravel/framework/src/Illuminate/Pipeline/Pipeline.php(209): Illuminate/Routing/Middleware/SubstituteBindings->handle(Object(Illuminate/Http/Request), Object(Closure))
#16 C:/laragon/www/MARIKA_XIPPLG4_17_UAS_PORTOFOLIO/vendor/laravel/framework/src/Illuminate/Foundation/Http/Middleware/VerifyCsrfToken.php(88): Illuminate/Pipeline/Pipeline->{closure:{closure:Illuminate/Pipeline/Pipeline::carry():184}:185}(Object(Illuminate/Http/Request))
#17 C:/laragon/www/MARIKA_XIPPLG4_17_UAS_PORTOFOLIO/vendor/laravel/framework/src/Illuminate/Pipeline/Pipeline.php(209): Illuminate/Foundation/Http/Middleware/VerifyCsrfToken->handle(Object(Illuminate/Http/Request), Object(Closure))
#18 C:/laragon/www/MARIKA_XIPPLG4_17_UAS_PORTOFOLIO/vendor/laravel/framework/src/Illuminate/View/Middleware/ShareErrorsFromSession.php(49): Illuminate/Pipeline/Pipeline->{closure:{closure:Illuminate/Pipeline/Pipeline::carry():184}:185}(Object(Illuminate/Http/Request))
#19 C:/laragon/www/MARIKA_XIPPLG4_17_UAS_PORTOFOLIO/vendor/laravel/framework/src/Illuminate/Pipeline/Pipeline.php(209): Illuminate/View/Middleware/ShareErrorsFromSession->handle(Object(Illuminate/Http/Request), Object(Closure))
#20 C:/laragon/www/MARIKA_XIPPLG4_17_UAS_PORTOFOLIO/vendor/laravel/framework/src/Illuminate/Session/Middleware/StartSession.php(121): Illuminate/Pipeline/Pipeline->{closure:{closure:Illuminate/Pipeline/Pipeline::carry():184}:185}(Object(Illuminate/Http/Request))
#21 C:/laragon/www/MARIKA_XIPPLG4_17_UAS_PORTOFOLIO/vendor/laravel/framework/src/Illuminate/Session/Middleware/StartSession.php(64): Illuminate/Session/Middleware/StartSession->handleStatefulRequest(Object(Illuminate/Http/Request), Object(Illuminate/Session/Store), Object(Closure))
#22 C:/laragon/www/MARIKA_XIPPLG4_17_UAS_PORTOFOLIO/vendor/laravel/framework/src/Illuminate/Pipeline/Pipeline.php(209): Illuminate/Session/Middleware/StartSession->handle(Object(Illuminate/Http/Request), Object(Closure))
#23 C:/laragon/www/MARIKA_XIPPLG4_17_UAS_PORTOFOLIO/vendor/laravel/framework/src/Illuminate/Cookie/Middleware/AddQueuedCookiesToResponse.php(37): Illuminate/Pipeline/Pipeline->{closure:{closure:Illuminate/Pipeline/Pipeline::carry():184}:185}(Object(Illuminate/Http/Request))
#24 C:/laragon/www/MARIKA_XIPPLG4_17_UAS_PORTOFOLIO/vendor/laravel/framework/src/Illuminate/Pipeline/Pipeline.php(209): Illuminate/Cookie/Middleware/AddQueuedCookiesToResponse->handle(Object(Illuminate/Http/Request), Object(Closure))
#25 C:/laragon/www/MARIKA_XIPPLG4_17_UAS_PORTOFOLIO/vendor/laravel/framework/src/Illuminate/Cookie/Middleware/EncryptCookies.php(75): Illuminate/Pipeline/Pipeline->{closure:{closure:Illuminate/Pipeline/Pipeline::carry():184}:185}(Object(Illuminate/Http/Request))
#26 C:/laragon/www/MARIKA_XIPPLG4_17_UAS_PORTOFOLIO/vendor/laravel/framework/src/Illuminate/Pipeline/Pipeline.php(209): Illuminate/Cookie/Middleware/EncryptCookies->handle(Object(Illuminate/Http/Request), Object(Closure))
#27 C:/laragon/www/MARIKA_XIPPLG4_17_UAS_PORTOFOLIO/vendor/laravel/framework/src/Illuminate/Pipeline/Pipeline.php(127): Illuminate/Pipeline/Pipeline->{closure:{closure:Illuminate/Pipeline/Pipeline::carry():184}:185}(Object(Illuminate/Http/Request))
#28 C:/laragon/www/MARIKA_XIPPLG4_17_UAS_PORTOFOLIO/vendor/laravel/framework/src/Illuminate/Routing/Router.php(807): Illuminate/Pipeline/Pipeline->then(Object(Closure))
#29 C:/laragon/www/MARIKA_XIPPLG4_17_UAS_PORTOFOLIO/vendor/laravel/framework/src/Illuminate/Routing/Router.php(786): Illuminate/Routing/Router->runRouteWithinStack(Object(Illuminate/Routing/Route), Object(Illuminate/Http/Request))
#30 C:/laragon/www/MARIKA_XIPPLG4_17_UAS_PORTOFOLIO/vendor/laravel/framework/src/Illuminate/Routing/Router.php(750): Illuminate/Routing/Router->runRoute(Object(Illuminate/Http/Request), Object(Illuminate/Routing/Route))
#31 C:/laragon/www/MARIKA_XIPPLG4_17_UAS_PORTOFOLIO/vendor/laravel/framework/src/Illuminate/Routing/Router.php(739): Illuminate/Routing/Router->dispatchToRoute(Object(Illuminate/Http/Request))
#32 C:/laragon/www/MARIKA_XIPPLG4_17_UAS_PORTOFOLIO/vendor/laravel/framework/src/Illuminate/Foundation/Http/Kernel.php(201): Illuminate/Routing/Router->dispatch(Object(Illuminate/Http/Request))
#33 C:/laragon/www/MARIKA_XIPPLG4_17_UAS_PORTOFOLIO/vendor/laravel/framework/src/Illuminate/Pipeline/Pipeline.php(170): Illuminate/Foundation/Http/Kernel->{closure:Illuminate/Foundation/Http/Kernel::dispatchToRouter():198}(Object(Illuminate/Http/Request))
#34 C:/laragon/www/MARIKA_XIPPLG4_17_UAS_PORTOFOLIO/vendor/laravel/framework/src/Illuminate/Foundation/Http/Middleware/TransformsRequest.php(21): Illuminate/Pipeline/Pipeline->{closure:Illuminate/Pipeline/Pipeline::prepareDestination():168}(Object(Illuminate/Http/Request))
#35 C:/laragon/www/MARIKA_XIPPLG4_17_UAS_PORTOFOLIO/vendor/laravel/framework/src/Illuminate/Foundation/Http/Middleware/ConvertEmptyStringsToNull.php(31): Illuminate/Foundation/Http/Middleware/TransformsRequest->handle(Object(Illuminate/Http/Request), Object(Closure))
#36 C:/laragon/www/MARIKA_XIPPLG4_17_UAS_PORTOFOLIO/vendor/laravel/framework/src/Illuminate/Pipeline/Pipeline.php(209): Illuminate/Foundation/Http/Middleware/ConvertEmptyStringsToNull->handle(Object(Illuminate/Http/Request), Object(Closure))
#37 C:/laragon/www/MARIKA_XIPPLG4_17_UAS_PORTOFOLIO/vendor/laravel/framework/src/Illuminate/Foundation/Http/Middleware/TransformsRequest.php(21): Illuminate/Pipeline/Pipeline->{closure:{closure:Illuminate/Pipeline/Pipeline::carry():184}:185}(Object(Illuminate/Http/Request))
#38 C:/laragon/www/MARIKA_XIPPLG4_17_UAS_PORTOFOLIO/vendor/laravel/framework/src/Illuminate/Foundation/Http/Middleware/TrimStrings.php(51): Illuminate/Foundation/Http/Middleware/TransformsRequest->handle(Object(Illuminate/Http/Request), Object(Closure))
#39 C:/laragon/www/MARIKA_XIPPLG4_17_UAS_PORTOFOLIO/vendor/laravel/framework/src/Illuminate/Pipeline/Pipeline.php(209): Illuminate/Foundation/Http/Middleware/TrimStrings->handle(Object(Illuminate/Http/Request), Object(Closure))
#40 C:/laragon/www/MARIKA_XIPPLG4_17_UAS_PORTOFOLIO/vendor/laravel/framework/src/Illuminate/Http/Middleware/ValidatePostSize.php(27): Illuminate/Pipeline/Pipeline->{closure:{closure:Illuminate/Pipeline/Pipeline::carry():184}:185}(Object(Illuminate/Http/Request))
#41 C:/laragon/www/MARIKA_XIPPLG4_17_UAS_PORTOFOLIO/vendor/laravel/framework/src/Illuminate/Pipeline/Pipeline.php(209): Illuminate/Http/Middleware/ValidatePostSize->handle(Object(Illuminate/Http/Request), Object(Closure))
#42 C:/laragon/www/MARIKA_XIPPLG4_17_UAS_PORTOFOLIO/vendor/laravel/framework/src/Illuminate/Foundation/Http/Middleware/PreventRequestsDuringMaintenance.php(110): Illuminate/Pipeline/Pipeline->{closure:{closure:Illuminate/Pipeline/Pipeline::carry():184}:185}(Object(Illuminate/Http/Request))
#43 C:/laragon/www/MARIKA_XIPPLG4_17_UAS_PORTOFOLIO/vendor/laravel/framework/src/Illuminate/Pipeline/Pipeline.php(209): Illuminate/Foundation/Http/Middleware/PreventRequestsDuringMaintenance->handle(Object(Illuminate/Http/Request), Object(Closure))
#44 C:/laragon/www/MARIKA_XIPPLG4_17_UAS_PORTOFOLIO/vendor/laravel/framework/src/Illuminate/Http/Middleware/HandleCors.php(49): Illuminate/Pipeline/Pipeline->{closure:{closure:Illuminate/Pipeline/Pipeline::carry():184}:185}(Object(Illuminate/Http/Request))
#45 C:/laragon/www/MARIKA_XIPPLG4_17_UAS_PORTOFOLIO/vendor/laravel/framework/src/Illuminate/Pipeline/Pipeline.php(209): Illuminate/Http/Middleware/HandleCors->handle(Object(Illuminate/Http/Request), Object(Closure))
#46 C:/laragon/www/MARIKA_XIPPLG4_17_UAS_PORTOFOLIO/vendor/laravel/framework/src/Illuminate/Http/Middleware/TrustProxies.php(58): Illuminate/Pipeline/Pipeline->{closure:{closure:Illuminate/Pipeline/Pipeline::carry():184}:185}(Object(Illuminate/Http/Request))
#47 C:/laragon/www/MARIKA_XIPPLG4_17_UAS_PORTOFOLIO/vendor/laravel/framework/src/Illuminate/Pipeline/Pipeline.php(209): Illuminate/Http/Middleware/TrustProxies->handle(Object(Illuminate/Http/Request), Object(Closure))
#48 C:/laragon/www/MARIKA_XIPPLG4_17_UAS_PORTOFOLIO/vendor/laravel/framework/src/Illuminate/Foundation/Http/Middleware/InvokeDeferredCallbacks.php(22): Illuminate/Pipeline/Pipeline->{closure:{closure:Illuminate/Pipeline/Pipeline::carry():184}:185}(Object(Illuminate/Http/Request))
#49 C:/laragon/www/MARIKA_XIPPLG4_17_UAS_PORTOFOLIO/vendor/laravel/framework/src/Illuminate/Pipeline/Pipeline.php(209): Illuminate/Foundation/Http/Middleware/InvokeDeferredCallbacks->handle(Object(Illuminate/Http/Request), Object(Closure))
#50 C:/laragon/www/MARIKA_XIPPLG4_17_UAS_PORTOFOLIO/vendor/laravel/framework/src/Illuminate/Pipeline/Pipeline.php(127): Illuminate/Pipeline/Pipeline->{closure:{closure:Illuminate/Pipeline/Pipeline::carry():184}:185}(Object(Illuminate/Http/Request))
#51 C:/laragon/www/MARIKA_XIPPLG4_17_UAS_PORTOFOLIO/vendor/laravel/framework/src/Illuminate/Foundation/Http/Kernel.php(176): Illuminate/Pipeline/Pipeline->then(Object(Closure))
#52 C:/laragon/www/MARIKA_XIPPLG4_17_UAS_PORTOFOLIO/vendor/laravel/framework/src/Illuminate/Foundation/Http/Kernel.php(145): Illuminate/Foundation/Http/Kernel->sendRequestThroughRouter(Object(Illuminate/Http/Request))
#53 C:/laragon/www/MARIKA_XIPPLG4_17_UAS_PORTOFOLIO/vendor/laravel/framework/src/Illuminate/Foundation/Application.php(1220): Illuminate/Foundation/Http/Kernel->handle(Object(Illuminate/Http/Request))
#54 C:/laragon/www/MARIKA_XIPPLG4_17_UAS_PORTOFOLIO/public/index.php(17): Illuminate/Foundation/Application->handleRequest(Object(Illuminate/Http/Request))
#55 C:/laragon/www/MARIKA_XIPPLG4_17_UAS_PORTOFOLIO/vendor/laravel/framework/src/Illuminate/Foundation/resources/server.php(23): require_once('C://laragon//www//...')
#56 {main}
"} 
